lignedansfichiergénéral;BLOC;blocsimple;FAMILLEfocal_;réplicat_focal;traitement_focal;lignée_focal;idfamille_focal;idfocal;idpartenaire1;idpartenaire2; date_naiss_focal ;massefocal;massecompetiteur;IDpartenaire;massepartenaireavantrepro(MG); datepeseepartenaireavtrepro ;ligneepartenaire;partenairedejapondeur; date_pontes_1 ; date_fin_ponte_1 ;njours1;nb_pontes_1;nb_oeufs_1;diffpontesurvies1;oeufscorrigés1;_P_1;_A_1;NE_P_1;NE_A_1;NE_ unknown_1;survtot1; date_pontes_2 ; date_fin_de_ponte_2 ;njours2;nb_pontes_2;nb_oeufs_2;diffpontesurvies2;oeufcorrigésperiode2;_P_2;_A_2;NE_P_2;NE_A_2;NE_ unknown_2;nbjourspontetotal;oeufsmaterneltotalcorrigé;survivantsPmèretotal;survivantsAmèretotal;survivants_(P/(P+A))total;survivants_total
131;1A;1;1;T1;O;T;T1_1_O;T1_1_O_B3;AT1_5;AT2_43; 40 931   ;44;45;AT1_5;40; 40 975   ;AT1;non; 40 980   ; 40 984   ;4;0;0;0;0;0;0;0;0;0;0; 40 984   ; 40 989   ;5;4;73;6;73;26;0;36;0;5;9;73;26;0;1;26
132;1A;1;1;T1;O;T;T1_1_O;T1_1_O_B3;AT1_5;AT2_43; 40 931   ;44;40;AT2_43;45; 40 975   ;AT2;non; 40 980   ; 40 984   ;4;6;72;8;72;23;25;4;11;1;48; 40 984   ; 40 989   ;5;3;47;9;47;16;16;1;1;4;9;119;39;41;0.4875;80
134;1A;1;4;T1;O;T;T1_4_O;T1_4_O_B3;AT1_6;AT2_42; 40 931   ;23;30;AT1_6;29; 40 975   ;AT1;non; 40 980   ; 40 984   ;4;4;59;42;59;0;16;0;0;1;16; 40 984   ; 40 989   ;5;7;75;-8;83;0;81;0;0;2;9;142;0;97;0;97
135;1A;1;4;T1;O;T;T1_4_O;T1_4_O_B3;AT1_6;AT2_42; 40 931   ;23;29;AT2_42;30; 40 975   ;AT2;non; 40 980   ; 40 984   ;4;3;50;3;50;23;4;18;2;0;27; 40 984   ; 40 989   ;5;2;42;-5;47;47;0;0;0;0;9;97;70;4;0.945945946;74
137;1A;1;2;T1;O;T;T1_2_O;T1_2_O_A3;AT1_37;AT2_40; 40 931   ;56;38;AT1_37;36; 40 975   ;AT1;non; 40 980   ; 40 984   ;4;5;68;30;68;33;0;3;0;2;33; 40 984   ; 40 989   ;5;8;80;23;80;46;7;2;0;2;9;148;79;7;0.918604651;86
138;1A;1;2;T1;O;T;T1_2_O;T1_2_O_A3;AT1_37;AT2_40; 40 931   ;56;36;AT2_40;38; 40 975   ;AT2;non; 40 980   ; 40 984   ;4;4;61;9;61;29;20;0;0;3;49; 40 984   ; 40 989   ;5;5;58;0;58;20;6;31;0;1;9;119;49;26;0.653333333;75
140;1B;1;23;T1;O;T;T1_23_O;T1_23_O_A2;AT1_137;AT1_143; 40 934   ;69;27;AT1_137;41; 40 980   ;AT1;non; 40 984   ; 40 989   ;5;5;50;-7;57;41;10;2;0;4;51; 40 989   ; 40 991   ;2;3;35;17;35;14;1;1;0;2;7;92;55;11;0.833333333;66
141;1B;1;23;T1;O;T;T1_23_O;T1_23_O_A2;AT1_137;AT1_143; 40 934   ;69;41;AT1_143;27; 40 980   ;AT1;non; 40 984   ; 40 989   ;5;0;0;0;0;0;0;0;0;0;0; 40 989   ; 40 991   ;2;0;0;0;0;0;0;0;0;0;7;0;0;0;;0
143;1B;1;23;T1;O;T;T1_23_O;T1_23_O_B;AT1_69;AT2_75; 40 934   ;84;36;AT1_69;63; 40 980   ;AT1;non; 40 984   ; 40 989   ;5;2;54;13;54;20;17;0;0;4;37; 40 989   ; 40 991   ;2;2;61;39;61;1;2;11;8;0;7;115;21;19;0.525;40
144;1B;1;23;T1;O;T;T1_23_O;T1_23_O_B;AT1_69;AT2_75; 40 934   ;84;63;AT2_75;36; 40 980   ;AT2;non; 40 984   ; 40 989   ;5;3;42;-9;51;31;19;0;0;1;50; 40 989   ; 40 991   ;2;3;43;29;43;8;4;0;0;2;7;94;39;23;0.629032258;62
146;1A;1;3;T1;O;T;T1_3_O;T1_3_O_B2;AT1_39;AT2_24; 40 931   ;44;44;AT1_39;32; 40 975   ;AT1;non; 40 980   ; 40 984   ;4;4;48;-4;52;14;38;0;0;0;52; 40 984   ; 40 989   ;5;4;55;8;55;25;22;0;0;0;9;107;39;60;0.393939394;99
147;1A;1;3;T1;O;T;T1_3_O;T1_3_O_B2;AT1_39;AT2_24; 40 931   ;44;32;AT2_24;44; 40 975   ;AT2;non; 40 980   ; 40 984   ;4;4;68;-2;70;8;62;0;0;0;70; 40 984   ; 40 989   ;5;3;74;23;74;11;14;2;11;13;9;144;19;76;0.2;95
149;1B;1;2;T1;O;T;T1_2_O;T1_2_O_C;AT1_93;AT2_91; 40 934   ;60;73;AT1_93;63; 40 980   ;AT1;non; 40 984   ; 40 989   ;5;4;58;0;58;20;0;38;0;0;20; 40 989   ; 40 991   ;2;2;40;2;40;34;0;1;2;1;7;98;54;0;1;54
150;1B;1;2;T1;O;T;T1_2_O;T1_2_O_C;AT1_93;AT2_91; 40 934   ;60;63;AT2_91;73; 40 980   ;AT2;non; 40 984   ; 40 989   ;5;5;58;11;58;21;17;4;4;1;38; 40 989   ; 40 991   ;2;3;39;9;39;13;1;15;1;0;7;97;34;18;0.653846154;52
152;1B;1;4;T1;O;T;T1_4_O;T1_4_O_C;AT1_139;AT2_97; 40 934   ;70;54;AT1_139;50; 40 980   ;AT1;oui; 40 984   ; 40 989   ;5;3;43;4;43;18;21;0;0;0;39; 40 989   ; 40 991   ;2;2;26;0;26;0;0;15;10;1;7;69;18;21;0.461538462;39
153;1B;1;4;T1;O;T;T1_4_O;T1_4_O_C;AT1_139;AT2_97; 40 934   ;70;50;AT2_97;54; 40 980   ;AT2;oui; 40 984   ; 40 989   ;5;8;70;2;70;14;44;0;9;1;58; 40 989   ; 40 991   ;2;3;47;7;47;10;28;0;2;0;7;117;24;72;0.25;96
155;1B;1;5;T1;O;T;T1_5_O;T1_5_O_C1;AT1_138;AT1_129; 40 934   ;75;49;AT1_138;23; 40 980   ;AT1;non; 40 984   ; 40 989   ;5;0;0;0;0;0;0;0;0;0;0; 40 989   ; 40 991   ;2;0;0;0;0;0;0;0;0;0;7;0;0;0;;0
156;1B;1;5;T1;O;T;T1_5_O;T1_5_O_C1;AT1_138;AT1_129; 40 934   ;75;23;AT1_129;49; 40 980   ;AT1;non; 40 984   ; 40 989   ;5;6;46;-6;52;49;0;3;0;0;49; 40 989   ; 40 991   ;2;1;25;1;25;23;0;1;0;0;7;77;72;0;1;72
158;1A;1;6;T2;O;T;T2_6_O;T2_6_O_B3;AT1_11;AT2_36; 40 931   ;51;35;AT1_11;37; 40 975   ;AT1;non; 40 980   ; 40 984   ;4;1;24;10;24;0;7;0;2;5;7; 40 984   ; 40 989   ;5;4;47;4;47;0;35;0;8;0;9;71;0;42;0;42
159;1A;1;6;T2;O;T;T2_6_O;T2_6_O_B3;AT1_11;AT2_36; 40 931   ;51;37;AT2_36;35; 40 975   ;AT2;non; 40 980   ; 40 984   ;4;1;13;4;13;0;9;0;0;0;9;;; ;;;;;;;;;;4;13;0;9;0;9
161;1A;1;7;T2;O;T;T2_7_O;T2_7_O_A3;AT1_7;AT2_39; 40 931   ;57;42;AT1_7;41; 40 975   ;AT1;non; 40 980   ; 40 984   ;4;2;59;8;59;48;0;3;0;0;48; 40 984   ; 40 989   ;5;3;70;2;70;41;0;22;0;5;9;129;89;0;1;89
162;1A;1;7;T2;O;T;T2_7_O;T2_7_O_A3;AT1_7;AT2_39; 40 931   ;57;41;AT2_39;42; 40 975   ;AT2;non; 40 980   ; 40 984   ;4;4;60;20;60;23;3;9;1;4;26; 40 984   ; 40 989   ;5;8;100;20;100;53;4;0;0;23;9;160;76;7;0.915662651;83
164;1A;1;6;T2;O;T;T2_6_O;T2_6_O_C2;AT1_8;AT2_38; 40 931   ;26;38;AT1_8;44; 40 975   ;AT1;non; 40 980   ; 40 984   ;4;3;57;13;57;7;37;0;0;0;44; 40 984   ; 40 989   ;5;3;62;5;62;14;42;0;1;0;9;119;21;79;0.21;100
165;1A;1;6;T2;O;T;T2_6_O;T2_6_O_C2;AT1_8;AT2_38; 40 931   ;26;44;AT2_38;38; 40 975   ;AT2;non; 40 980   ; 40 984   ;4;3;54;7;54;0;21;0;16;10;21; 40 984   ; 40 989   ;5;6;87;-4;91;0;38;0;50;3;9;145;0;59;0;59
167;1A;1;6;T2;O;T;T2_6_O;T2_6_O_A2;AT1_12;AT2_41; 40 931   ;17;47;AT1_12;42; 40 975   ;AT1;oui; 40 980   ; 40 984   ;4;4;62;7;62;0;30;0;25;0;30; 40 984   ; 40 989   ;5;6;78;18;78;0;41;0;12;7;9;140;0;71;0;71
168;1A;1;6;T2;O;T;T2_6_O;T2_6_O_A2;AT1_12;AT2_41; 40 931   ;17;42;AT2_41;47; 40 975   ;AT2;oui; 40 980   ; 40 984   ;4;4;83;4;83;0;54;0;1;24;54; 40 984   ; 40 989   ;5;5;92;-19;111;0;93;0;15;3;9;194;0;147;0;147
413;2A;2;19;T2;O;T;T2_19_O;T2_19_O_E3;AT1_207;AT2_258; 40 938   ;34;54;AT1_207;39; 40 987   ;AT1;non; 40 991   ; 40 995   ;4;1;17;1;17;0;0;0;0;16;0;;; ;;;;;;;;;;4;17;0;0;;0
414;2A;2;19;T2;O;T;T2_19_O;T2_19_O_E3;AT1_207;AT2_258; 40 938   ;34;39;AT2_258;54; 40 987   ;AT2;non; 40 991   ; 40 995   ;4;4;62;15;62;2;42;0;1;2;44;;; ;;;;;;;;;;4;62;2;42;0.045454545;44
575;2B;2;22;T1;O;T;T1_22_O;T1_22_O_F2;AT1_284;AT2_319; 40 941   ;18;49;AT1_284;76; 40 989   ;AT1;non; 40 994   ; 41 001   ;7;2;67;10;67;18;25;4;8;2;43; 41 001   ; 41 004   ;3;2;60;0;60;27;25;4;1;3;10;127;45;50;0.473684211;95
576;2B;2;22;T1;O;T;T1_22_O;T1_22_O_F2;AT1_284;AT2_319; 40 941   ;18;76;AT2_319;49; 40 989   ;AT2;non; 40 994   ; 41 001   ;7;7;80;36;80;0;29;0;7;8;29; 41 001   ; 41 004   ;3;4;55;-1;56;1;22;0;27;6;10;136;1;51;0.019230769;52
608;2B;2;21;T2;O;T;T2_21_O;T2_21_O_G2;AT1_310;AT2_292; 40 941   ;13;48;AT1_310;56; 40 989   ;AT1;non; 40 994   ; 41 001   ;7;4;75;-11;86;0;67;0;18;1;67; 41 001   ; 41 004   ;3;2;40;15;40;0;9;0;14;2;10;126;0;76;0;76
609;2B;2;21;T2;O;T;T2_21_O;T2_21_O_G2;AT1_310;AT2_292; 40 941   ;13;56;AT2_292;48; 40 989   ;AT2;non; 40 994   ; 41 001   ;7;7;144;17;144;0;122;0;3;2;122; 41 001   ; 41 004   ;3;3;65;31;65;0;23;0;7;4;10;209;0;145;0;145
611;2B;2;23;T1;O;T;T1_23_O;T1_23_O_G2;AT1_302;AT2_278; 40 941   ;50;50;AT1_302;46; 40 989   ;AT1;non; 40 994   ; 41 001   ;7;4;55;5;55;30;17;0;1;2;47; 41 001   ; 41 004   ;3;2;40;14;40;8;2;11;5;0;10;95;38;19;0.666666667;57
612;2B;2;23;T1;O;T;T1_23_O;T1_23_O_G2;AT1_302;AT2_278; 40 941   ;50;46;AT2_278;50; 40 989   ;AT2;non; 40 994   ; 41 001   ;7;7;97;-9;106;84;6;0;0;16;90; 41 001   ; 41 004   ;3;4;63;1;63;55;2;2;0;3;10;169;139;8;0.945578231;147
620;2B;2;5;T1;O;T;T1_5_O;T1_5_O_F3;AT1_288;AT2_271; 40 941   ;71;34;AT1_288;77; 40 989   ;AT1;non; 40 994   ; 41 001   ;7;5;103;9;103;34;59;0;0;1;93; 41 001   ; 41 004   ;3;2;48;12;48;0;0;0;0;36;10;151;34;59;0.365591398;93
621;2B;2;5;T1;O;T;T1_5_O;T1_5_O_F3;AT1_288;AT2_271; 40 941   ;71;77;AT2_271;34; 40 989   ;AT2;non; 40 994   ; 41 001   ;7;4;43;2;43;2;35;0;0;4;37; 41 001   ; 41 004   ;3;1;14;3;14;0;10;0;0;1;10;57;2;45;0.042553191;47
683;2B;2;22;T1;O;T;T1_22_O;T1_22_O_F3;AT1_286;AT2_330; 40 941   ;30;30;AT1_286;46; 40 989   ;AT1;non; 40 994   ; 41 001   ;7;3;50;7;50;15;25;0;2;1;40; 41 001   ; 41 004   ;3;2;45;1;45;0;0;0;0;44;10;95;15;25;0.375;40
684;2B;2;22;T1;O;T;T1_22_O;T1_22_O_F3;AT1_286;AT2_330; 40 941   ;30;46;AT2_330;30; 40 989   ;AT2;non; 40 994   ; 41 001   ;7;5;79;26;79;0;37;0;14;2;37; 41 001   ; 41 004   ;3;3;56;9;56;0;9;0;0;38;7;135;0;46;0;46
686;2B;2;19;T2;O;T;T2_19_O;T2_19_O_H3;AT1_289;AT2_331; 40 941   ;60;43;AT1_289;52; 40 989   ;AT1;non; 40 994   ; 41 001   ;7;3;64;4;64;41;16;3;0;0;57; 41 001   ; 41 004   ;3;2;33;3;33;6;0;0;0;24;10;97;47;16;0.746031746;63
687;2B;2;19;T2;O;T;T2_19_O;T2_19_O_H3;AT1_289;AT2_331; 40 941   ;60;52;AT2_331;43; 40 989   ;AT2;non; 40 994   ; 41 001   ;7;9;94;21;94;11;38;1;9;14;49; 41 001   ; 41 004   ;3;4;49;6;49;0;0;3;34;6;10;143;11;38;0.224489796;49
689;2B;2;22;T1;O;T;T1_22_O;T1_22_O_E3;AT1_290;AT2_332; 40 941   ;40;48;AT1_290;52; 40 989   ;AT1;non; 40 994   ; 41 001   ;7;5;100;38;100;59;0;1;0;2;59; 41 001   ; 41 004   ;3;2;62;3;62;52;0;0;0;7;10;162;111;0;1;111
690;2B;2;22;T1;O;T;T1_22_O;T1_22_O_E3;AT1_290;AT2_332; 40 941   ;40;52;AT2_332;48; 40 989   ;AT2;non; 40 994   ; 41 001   ;7;6;94;44;94;24;25;0;1;0;49; 41 001   ; 41 004   ;3;3;49;-1;50;0;0;9;22;19;10;144;24;25;0.489795918;49
695;2B;2;21;T2;O;T;T2_21_O;T2_21_O_E2;AT1_279;AT2_324; 40 941   ;20;63;AT1_279;58; 40 989   ;AT1;non; 40 994   ; 41 001   ;7;4;61;22;61;2;30;0;7;0;32; 41 001   ; 41 004   ;3;3;55;13;55;2;11;0;0;29;10;116;4;41;0.088888889;45
696;2B;2;21;T2;O;T;T2_21_O;T2_21_O_E2;AT1_279;AT2_324; 40 941   ;20;58;AT2_324;63; 40 989   ;AT2;non; 40 994   ; 41 001   ;7;2;26;-44;70;0;19;0;0;51;19; 41 001   ; 41 004   ;3;3;56;20;56;0;15;0;0;21;10;126;0;34;0;34
728;2B;2;21;T2;O;T;T2_21_O;T2_21_O_G3;AT1_306;AT2_335; 40 941   ;41;43;AT1_306;59; 40 989   ;AT1;non; 40 994   ; 41 001   ;7;3;71;19;71;6;45;1;0;0;51; 41 001   ; 41 004   ;3;3;63;8;63;1;0;0;0;54;10;134;7;45;0.134615385;52
729;2B;2;21;T2;O;T;T2_21_O;T2_21_O_G3;AT1_306;AT2_335; 40 941   ;41;59;AT2_335;43; 40 989   ;AT2;non; 40 994   ; 41 001   ;7;6;94;53;94;1;38;0;2;0;39; 41 001   ; 41 004   ;3;3;54;-1;55;0;0;1;39;15;10;149;1;38;0.025641026;39
731;2B;2;21;T2;O;T;T2_21_O;T2_21_O_F3;AT1_312;AT2_334; 40 941   ;51;53;AT1_312;66; 40 989   ;AT1;non; 40 994   ; 41 001   ;7;2;47;-2;49;25;18;2;1;3;43; 41 001   ; 41 004   ;3;2;56;10;56;24;15;5;0;2;10;105;49;33;0.597560976;82
732;2B;2;21;T2;O;T;T2_21_O;T2_21_O_F3;AT1_312;AT2_334; 40 941   ;51;66;AT2_334;53; 40 989   ;AT2;non; 40 994   ; 41 001   ;7;4;68;-7;75;63;7;2;0;3;70; 41 001   ; 41 004   ;3;2;41;6;41;18;1;3;0;13;10;116;81;8;0.91011236;89
734;2B;2;22;T1;O;T;T1_22_O;T1_22_O_F1;AT1_307;AT2_274; 40 941   ;28;51;AT1_307;53; 40 989   ;AT1;non; 40 994   ; 41 001   ;7;5;112;31;112;28;44;2;2;5;72; 41 001   ; 41 004   ;3;4;89;30;89;1;9;0;0;49;10;201;29;53;0.353658537;82
735;2B;2;22;T1;O;T;T1_22_O;T1_22_O_F1;AT1_307;AT2_274; 40 941   ;28;53;AT2_274;51; 40 989   ;AT2;non; 40 994   ; 41 001   ;7;3;51;-19;70;8;31;0;1;30;39; 41 001   ; 41 004   ;3;1;25;0;25;3;19;0;0;3;10;95;11;50;0.180327869;61
740;2B;2;23;T1;O;T;T1_23_O;T1_23_O_H2;AT1_308;AT2_283; 40 941   ;26;57;AT1_308;34; 40 989   ;AT1;non; 40 994   ; 41 001   ;7;1;11;0;11;2;6;0;2;1;8; 41 001   ; 41 004   ;3;2;34;3;34;0;0;14;3;14;10;45;2;6;0.25;8
741;2B;2;23;T1;O;T;T1_23_O;T1_23_O_H2;AT1_308;AT2_283; 40 941   ;26;34;AT2_283;57; 40 989   ;AT2;non; 40 994   ; 41 001   ;7;5;62;4;62;10;17;5;24;2;27; 41 001   ; 41 004   ;3;0;0;0;0;0;0;0;0;0;10;62;10;17;0.37037037;27
785;3A;3;5;T1;O;T;T1_5_O;T1_5_O_I3;AT1_430;AT2_429; 40 945   ;41;57;AT1_430;74; 40 994   ;AT1;non; 40 998   ; 41 002   ;4;2;46;2;46;3;29;0;0;12;32; 41 002   ; 41 005   ;3;2;38;10;38;0;19;2;7;0;7;84;3;48;0.058823529;51
786;3A;3;5;T1;O;T;T1_5_O;T1_5_O_I3;AT1_430;AT2_429; 40 945   ;41;74;AT2_429;57; 40 994   ;AT2;non; 40 998   ; 41 002   ;4;5;65;-5;70;2;58;0;0;10;60; 41 002   ; 41 005   ;3;5;64;16;64;2;42;0;3;1;7;134;4;100;0.038461538;104
788;3A;3;X32;T2;O;T;T2_X32_O;T2_X32_O_A;AT1_425;AT2_439; 40 945   ;66;47;AT1_425;61; 40 994   ;AT1;non; 40 998   ; 41 002   ;4;2;38;7;38;8;9;4;9;1;17; 41 002   ; 41 005   ;3;1;16;-27;43;5;8;0;3;27;7;81;13;17;0.433333333;30
789;3A;3;X32;T2;O;T;T2_X32_O;T2_X32_O_A;AT1_425;AT2_439; 40 945   ;66;61;AT2_439;47; 40 994   ;AT2;non; 40 998   ; 41 002   ;4;4;53;-2;55;3;7;0;0;45;10; 41 002   ; 41 005   ;3;4;68;-1;69;59;7;2;1;0;7;124;62;14;0.815789474;76
794;3A;3;X41;T2;O;T;T2_X41_O;T2_X41_O_A;AT1_491;AT2_479; 40 945   ;70;40;AT1_491;67; 40 994   ;AT1;non; 40 998   ; 41 002   ;4;3;77;7;77;34;25;0;0;11;59; 41 002   ; 41 005   ;3;4;79;0;79;0;78;0;1;0;7;156;34;103;0.248175182;137
795;3A;3;X41;T2;O;T;T2_X41_O;T2_X41_O_A;AT1_491;AT2_479; 40 945   ;70;67;AT2_479;40; 40 994   ;AT2;non; 40 998   ; 41 002   ;4;3;47;6;47;3;4;11;19;4;7; 41 002   ; 41 005   ;3;4;42;18;42;12;10;0;1;1;7;89;15;14;0.517241379;29
803;3A;3;23;T1;O;T;T1_23_O;T1_23_O_I3;AT1_406;AT2_489; 40 945   ;27;71;AT1_406;85; 40 994   ;AT1;non; 40 998   ; 41 002   ;4;3;90;30;90;9;12;0;0;39;21; 41 002   ; 41 005   ;3;2;47;10;47;0;21;0;15;1;7;137;9;33;0.214285714;42
804;3A;3;23;T1;O;T;T1_23_O;T1_23_O_I3;AT1_406;AT2_489; 40 945   ;27;85;AT2_489;71; 40 994   ;AT2;non; 40 998   ; 41 002   ;4;5;105;24;105;16;2;31;5;27;18; 41 002   ; 41 005   ;3;3;61;6;61;27;1;24;2;1;7;166;43;3;0.934782609;46
806;3A;3;21;T1;O;T;T1_21_O;T1_21_O_J2;AT1_485;AT2_402; 40 945   ;21;33;AT1_485;67; 40 994   ;AT1;non; 40 998   ; 41 002   ;4;3;90;11;90;17;55;0;0;7;72; 41 002   ; 41 005   ;3;2;46;41;46;1;4;0;0;0;7;136;18;59;0.233766234;77
807;3A;3;21;T1;O;T;T1_21_O;T1_21_O_J2;AT1_485;AT2_402; 40 945   ;21;67;AT2_402;33; 40 994   ;AT2;non; 40 998   ; 41 002   ;4;3;32;8;32;0;14;0;0;10;14; 41 002   ; 41 005   ;3;3;28;4;28;0;18;0;6;0;7;60;0;32;0;32
812;3A;3;2;T1;O;T;T1_2_O;T1_2_O_J2;AT1_478;AT2_456; 40 945   ;28;49;AT1_478;44; 40 994   ;AT1;non; 40 998   ; 41 002   ;4;1;19;1;19;9;8;1;0;0;17; 41 002   ; 41 005   ;3;2;83;43;83;25;13;0;2;0;7;102;34;21;0.618181818;55
813;3A;3;2;T1;O;T;T1_2_O;T1_2_O_J2;AT1_478;AT2_456; 40 945   ;28;44;AT2_456;49; 40 994   ;AT2;non; 40 998   ; 41 002   ;4;2;40;-3;43;23;4;13;3;0;27; 41 002   ; 41 005   ;3;3;48;6;48;39;2;1;0;0;7;91;62;6;0.911764706;68
815;3A;3;23;T1;O;T;T1_23_O;T1_23_O_K3;AT1_471;AT2_463; 40 945   ;44;75;AT1_471;73; 40 994   ;AT1;non; 40 998   ; 41 002   ;4;3;67;-7;74;15;13;17;29;0;28; 41 002   ; 41 005   ;3;4;62;-6;68;42;25;1;0;0;7;142;57;38;0.6;95
816;3A;3;23;T1;O;T;T1_23_O;T1_23_O_K3;AT1_471;AT2_463; 40 945   ;44;73;AT2_463;75; 40 994   ;AT2;non; 40 998   ; 41 002   ;4;3;98;7;98;3;40;2;45;1;43; 41 002   ; 41 005   ;3;2;74;9;74;8;49;1;7;0;7;172;11;89;0.11;100
848;3A;3;X3;T2;O;T;T2_X3_O;T2_X38_O_A;AT1_435;AT2_442; 40 945   ;57;30;AT1_435;80; 40 994   ;AT1;non; 40 998   ; 41 002   ;4;3;58;7;58;35;0;16;0;0;35; 41 002   ; 41 005   ;3;2;50;-4;54;53;0;1;0;0;7;112;88;0;1;88
849;3A;3;X3;T2;O;T;T2_X3_O;T2_X38_O_A;AT1_435;AT2_442; 40 945   ;57;80;AT2_442;30; 40 994   ;AT2;non; 40 998   ; 41 002   ;4;2;27;4;27;6;17;0;0;0;23; 41 002   ; 41 005   ;3;3;30;5;30;3;21;0;1;0;7;57;9;38;0.191489362;47
854;3A;3;X3;T2;O;T;T2_X3_O;T2_X31_O_A;AT1_410;AT2_413; 40 945   ;43;47;AT1_410;62; 40 994   ;AT1;non; 40 998   ; 41 002   ;4;1;15;1;15;1;3;5;4;1;4; 41 002   ; 41 005   ;3;3;50;1;50;29;18;2;0;0;7;65;30;21;0.588235294;51
855;3A;3;X3;T2;O;T;T2_X3_O;T2_X31_O_A;AT1_410;AT2_413; 40 945   ;43;62;AT2_413;47; 40 994   ;AT2;non; 40 998   ; 41 002   ;4;2;25;-3;28;3;17;0;0;8;20; 41 002   ; 41 005   ;3;3;35;10;35;4;17;0;2;2;7;63;7;34;0.170731707;41
869;3A;3;X3;T2;O;T;T2_X3_O;T2_X34_O_A;AT1_419;AT2_419; 40 945   ;43;42;AT1_419;37; 40 994   ;AT1;non; 40 998   ; 41 002   ;4;1;18;5;18;10;1;1;0;1;11; 41 002   ; 41 005   ;3;2;25;10;25;11;3;1;0;0;7;43;21;4;0.84;25
870;3A;3;X3;T2;O;T;T2_X3_O;T2_X34_O_A;AT1_419;AT2_419; 40 945   ;43;37;AT2_419;42; 40 994   ;AT2;non; 40 998   ; 41 002   ;4;3;41;3;41;20;3;8;1;6;23; 41 002   ; 41 005   ;3;5;63;11;63;25;3;20;1;3;7;104;45;6;0.882352941;51
878;3A;3;19;T2;O;T;T2_19_O;T2_19_O_I3;AT1_409;AT2_411; 40 945   ;14;30;AT1_409;75; 40 994   ;AT1;non; 40 998   ; 41 002   ;4;4;71;-3;74;0;53;0;1;20;53; 41 002   ; 41 005   ;3;5;65;25;65;0;40;0;0;0;7;139;0;93;0;93
879;3A;3;19;T2;O;T;T2_19_O;T2_19_O_I3;AT1_409;AT2_411; 40 945   ;14;75;AT2_411;30; 40 994   ;AT2;non; 40 998   ; 41 002   ;4;3;31;5;31;0;25;0;1;0;25; 41 002   ; 41 005   ;3;4;34;4;34;0;30;0;0;0;7;65;0;55;0;55
893;3A;3;X4;T2;O;T;T2_X4_O;T2_X44_O_A;AT1_468;AT2_454; 40 945   ;44;52;AT1_468;84; 40 994   ;AT1;non; 40 998   ; 41 002   ;4;2;69;-1;70;0;13;0;10;47;13; 41 002   ; 41 005   ;3;2;57;29;57;0;28;0;0;0;7;127;0;41;0;41
894;3A;3;X4;T2;O;T;T2_X4_O;T2_X44_O_A;AT1_468;AT2_454; 40 945   ;44;84;AT2_454;52; 40 994   ;AT2;non; 40 998   ; 41 002   ;4;5;86;6;86;0;27;0;50;3;27; 41 002   ; 41 005   ;3;4;84;24;84;0;26;0;34;0;7;170;0;53;0;53
899;3A;3;X4;T2;O;T;T2_X4_O;T2_X42_O_A;AT1_461;AT2_460; 40 945   ;42;76;AT1_461;62; 40 994   ;AT1;non; 40 998   ; 41 002   ;4;3;63;-8;71;37;33;0;0;1;70; 41 002   ; 41 005   ;3;4;41;16;41;13;12;0;0;0;7;112;50;45;0.526315789;95
900;3A;3;X4;T2;O;T;T2_X4_O;T2_X42_O_A;AT1_461;AT2_460; 40 945   ;42;62;AT2_460;76; 40 994   ;AT2;non; 40 998   ; 41 002   ;4;1;38;-3;41;0;0;0;0;41;0; 41 002   ; 41 005   ;3;0;0;0;0;0;0;0;0;0;7;41;0;0;;0
902;3A;3;X4;T2;O;T;T2_X4_O;T2_X43_O_A;AT1_460;AT2_461; 40 945   ;72;46;AT1_460;35; 40 994   ;AT1;non; 40 998   ; 41 002   ;4;0;0;0;0;0;0;0;0;0;0; 41 002   ; 41 005   ;3;0;0;0;0;0;0;0;0;0;7;0;0;0;;0
903;3A;3;X4;T2;O;T;T2_X4_O;T2_X43_O_A;AT1_460;AT2_461; 40 945   ;72;35;AT2_461;46; 40 994   ;AT2;non; 40 998   ; 41 002   ;4;2;45;11;45;6;2;24;0;2;8; 41 002   ; 41 005   ;3;3;48;-18;66;27;26;4;0;9;7;111;33;28;0.540983607;61
905;3A;3;23;T1;O;T;T1_23_O;T1_23_O_L;AT1_454;AT2_475; 40 945   ;27;40;AT1_454;63; 40 994   ;AT1;non; 40 998   ; 41 002   ;4;0;0;0;0;0;0;0;0;0;0; 41 002   ; 41 005   ;3;0;0;0;0;0;0;0;0;0;7;0;0;0;;0
906;3A;3;23;T1;O;T;T1_23_O;T1_23_O_L;AT1_454;AT2_475; 40 945   ;27;63;AT2_475;40; 40 994   ;AT2;non; 40 998   ; 41 002   ;4;4;62;8;62;0;47;0;5;2;47; 41 002   ; 41 005   ;3;3;59;1;59;0;58;0;0;0;7;121;0;105;0;105
944;3A;3;X39;T2;O;T;T2_X39_O;T2_X39_O_A;AT1_420;AT2_409; 40 945   ;55;28;AT1_420;60; 40 994   ;AT1;non; 40 998   ; 41 002   ;4;4;83;12;83;46;24;0;0;1;70; 41 002   ; 41 005   ;3;3;71;-2;73;47;26;0;0;0;7;156;93;50;0.65034965;143
945;3A;3;X39;T2;O;T;T2_X39_O;T2_X39_O_A;AT1_420;AT2_409; 40 945   ;55;60;AT2_409;28; 40 994   ;AT2;non; 40 998   ; 41 002   ;4;1;7;2;7;0;0;0;0;5;0; 41 002   ; 41 005   ;3;0;0;0;0;0;0;0;0;0;7;7;0;0;;0
953;3A;3;X36;T2;O;T;T2_X36_O;T2_X36_O_A;AT1_413;AT2_404; 40 945   ;77;34;AT1_413;75; 40 994   ;AT1;non; 40 998   ; 41 002   ;4;4;64;13;64;6;0;43;0;2;6; 41 002   ; 41 005   ;3;3;48;2;48;46;0;0;0;0;7;112;52;0;1;52
954;3A;3;X36;T2;O;T;T2_X36_O;T2_X36_O_A;AT1_413;AT2_404; 40 945   ;77;75;AT2_404;34; 40 994   ;AT2;non; 40 998   ; 41 002   ;4;2;18;1;18;0;0;0;0;17;0; 41 002   ; 41 005   ;3;2;21;7;21;0;0;0;0;14;7;39;0;0;;0
968;3A;3;5;T1;O;T;T1_5_O;T1_5_O_K3;AT1_482;AT2_480; 40 945   ;9;56;AT1_482;78; 40 994   ;AT1;non; 40 998   ; 41 002   ;4;3;81;16;81;0;38;0;19;8;38; 41 002   ; 41 005   ;3;2;52;7;52;0;44;0;1;0;7;133;0;82;0;82
969;3A;3;5;T1;O;T;T1_5_O;T1_5_O_K3;AT1_482;AT2_480; 40 945   ;9;78;AT2_480;56; 40 994   ;AT2;non; 40 998   ; 41 002   ;4;2;44;1;44;0;39;0;0;4;39; 41 002   ; 41 005   ;3;3;62;4;62;0;43;0;13;2;7;106;0;82;0;82
971;3A;3;5;T1;O;T;T1_5_O;T1_5_O_J3;AT1_475;AT2_481; 40 945   ;30;62;AT1_475;49; 40 994   ;AT1;non; 40 998   ; 41 002   ;4;2;31;-16;47;4;12;0;5;26;16; 41 002   ; 41 005   ;3;2;43;10;43;3;15;1;6;8;7;90;7;27;0.205882353;34
972;3A;3;5;T1;O;T;T1_5_O;T1_5_O_J3;AT1_475;AT2_481; 40 945   ;30;49;AT2_481;62; 40 994   ;AT2;non; 40 998   ; 41 002   ;4;7;108;8;108;37;59;1;3;0;96; 41 002   ; 41 005   ;3;6;100;5;100;43;44;1;2;5;7;208;80;103;0.43715847;183
980;3A;3;X37;T2;O;T;T2_X37_O;T2_X37_O_A;AT1_459;AT2_464; 40 945   ;71;34;AT1_459;59; 40 994   ;AT1;non; 40 998   ; 41 002   ;4;3;35;-8;43;0;31;0;12;0;31; 41 002   ; 41 005   ;3;2;40;8;40;1;31;0;0;0;7;83;1;62;0.015873016;63
981;3A;3;X37;T2;O;T;T2_X37_O;T2_X37_O_A;AT1_459;AT2_464; 40 945   ;71;59;AT2_464;34; 40 994   ;AT2;non; 40 998   ; 41 002   ;4;4;83;-1;84;0;64;0;20;0;64; 41 002   ; 41 005   ;3;3;52;1;52;0;47;0;3;1;7;136;0;111;0;111
983;3A;3;X35;T2;O;T;T2_X35_O;T2_X35_O_A;AT1_451;AT2_465; 40 945   ;80;59;AT1_451;62; 40 994   ;AT1;non; 40 998   ; 41 002   ;4;4;84;-1;85;36;0;36;0;13;36; 41 002   ; 41 005   ;3;4;70;1;70;55;0;7;0;7;7;155;91;0;1;91
984;3A;3;X35;T2;O;T;T2_X35_O;T2_X35_O_A;AT1_451;AT2_465; 40 945   ;80;62;AT2_465;59; 40 994   ;AT2;non; 40 998   ; 41 002   ;4;4;79;11;79;28;4;29;0;7;32; 41 002   ; 41 005   ;3;2;38;2;38;32;3;1;0;0;7;117;60;7;0.895522388;67
1013;3A;3;1;T1;O;T;T1_1_O;T1_1_O_I2;AT1_483;AT2_483; 40 945   ;33;42;AT1_483;79; 40 994   ;AT1;non; 40 998   ; 41 002   ;4;1;48;7;48;7;10;4;11;9;17; 41 002   ; 41 005   ;3;0;0;0;0;0;0;0;0;0;7;48;7;10;0.411764706;17
1014;3A;3;1;T1;O;T;T1_1_O;T1_1_O_I2;AT1_483;AT2_483; 40 945   ;33;79;AT2_483;42; 40 994   ;AT2;non; 40 998   ; 41 002   ;4;4;30;10;30;16;4;0;0;0;20; 41 002   ; 41 005   ;3;4;31;4;31;0;27;0;0;0;7;61;16;31;0.340425532;47
1031;3A;3;X40;T2;O;T;T2_X40_O;T2_X40_O_A;AT1_488;AT2_477; 40 945   ;45;54;AT1_488;61; 40 994   ;AT1;non; 40 998   ; 41 002   ;4;3;46;5;46;1;23;1;15;1;24; 41 002   ; 41 005   ;3;2;49;31;49;1;17;0;0;0;7;95;2;40;0.047619048;42
1032;3A;3;X40;T2;O;T;T2_X40_O;T2_X40_O_A;AT1_488;AT2_477; 40 945   ;45;61;AT2_477;54; 40 994   ;AT2;non; 40 998   ; 41 002   ;4;6;75;7;75;0;59;0;5;4;59; 41 002   ; 41 005   ;3;4;50;0;50;0;44;0;3;3;7;125;0;103;0;103
1034;3A;3;X33;T2;O;T;T2_X33_O;T2_X33_O_A;AT1_489;AT2_458; 40 945   ;49;60;AT1_489;41; 40 994   ;AT1;non; 40 998   ; 41 002   ;4;1;21;2;21;10;8;1;0;0;18; 41 002   ; 41 005   ;3;4;64;1;64;42;19;1;1;0;7;85;52;27;0.658227848;79
1035;3A;3;X33;T2;O;T;T2_X33_O;T2_X33_O_A;AT1_489;AT2_458; 40 945   ;49;41;AT2_458;60; 40 994   ;AT2;non; 40 998   ; 41 002   ;4;4;60;8;60;46;5;0;0;1;51; 41 002   ; 41 005   ;3;5;56;-24;80;53;0;0;0;27;7;140;99;5;0.951923077;104
1037;3A;3;X45;T2;O;T;T2_X45_O;T2_X45_O_A;AT1_463;AT2_459; 40 945   ;72;74;AT1_463;46; 40 994   ;AT1;non; 40 998   ; 41 002   ;4;1;29;0;29;13;16;0;0;0;29; 41 002   ; 41 005   ;3;1;20;-2;22;8;14;0;0;0;7;51;21;30;0.411764706;51
1038;3A;3;X45;T2;O;T;T2_X45_O;T2_X45_O_A;AT1_463;AT2_459; 40 945   ;72;46;AT2_459;74; 40 994   ;AT2;non; 40 998   ; 41 002   ;4;4;82;5;82;40;0;19;0;18;40; 41 002   ; 41 005   ;3;6;68;-5;73;36;0;4;0;33;7;155;76;0;1;76
1232;3B;3;4;T1;O;T;T1_4_O;T1_4_O_J2;AT1_514;AT2_533; 40 948   ;46;45;AT1_514;65; 40 996   ;AT1;non; 41 001   ; 41 005   ;4;2;96;9;96;23;22;5;12;25;45; 41 005   ; 41 009   ;4;0;0;0;0;0;0;0;0;0;8;96;23;22;0.511111111;45
1233;3B;3;4;T1;O;T;T1_4_O;T1_4_O_J2;AT1_514;AT2_533; 40 948   ;46;65;AT2_533;45; 40 996   ;AT2;non; 41 001   ; 41 005   ;4;4;79;12;79;30;0;30;2;5;30; 41 005   ; 41 009   ;4;4;81;6;81;70;2;1;0;2;8;160;100;2;0.980392157;102
53;1B;1;7;F2;O;F;F2_7_O;F2_7_O_C2;AT1_82;AT2_66; 40 934   ;27;36;AT1_82;48; 40 980   ;AT1;non; 40 984   ; 40 989   ;5;4;39;16;39;0;13;0;3;7;13; 40 989   ; 40 991   ;2;1;26;6;26;0;0;0;14;6;7;65;0;13;0;13
54;1B;1;7;F2;O;F;F2_7_O;F2_7_O_C2;AT1_82;AT2_66; 40 934   ;27;48;AT2_66;36; 40 980   ;AT2;non; 40 984   ; 40 989   ;5;5;49;9;49;0;40;0;0;0;40; 40 989   ; 40 991   ;2;3;30;14;30;5;11;0;0;0;7;79;5;51;0.089285714;56
56;1B;1;7;F2;O;F;F2_7_O;F2_7_O_D;AT1_73;AT2_68; 40 934   ;106;50;AT1_73;75; 40 980   ;AT1;non; 40 984   ; 40 989   ;5;2;28;1;28;27;0;0;0;0;27; 40 989   ; 40 991   ;2;2;54;19;54;34;0;1;0;0;7;82;61;0;1;61
57;1B;1;7;F2;O;F;F2_7_O;F2_7_O_D;AT1_73;AT2_68; 40 934   ;106;75;AT2_68;50; 40 980   ;AT2;non; 40 984   ; 40 989   ;5;2;31;10;31;13;6;1;0;1;19; 40 989   ; 40 991   ;2;1;20;20;20;0;0;0;0;0;7;51;13;6;0.684210526;19
59;1B;1;8;F2;O;F;F2_8_O;F2_8_O_C1;AT1_87;AT2_67; 40 934   ;46;72;AT1_87;41; 40 980   ;AT1;non; 40 984   ; 40 989   ;5;4;52;10;52;0;42;0;0;0;42; 40 989   ; 40 991   ;2;2;32;5;32;0;0;0;27;0;7;84;0;42;0;42
60;1B;1;8;F2;O;F;F2_8_O;F2_8_O_C1;AT1_87;AT2_67; 40 934   ;46;41;AT2_67;72; 40 980   ;AT2;non; 40 984   ; 40 989   ;5;3;37;7;37;0;26;0;1;3;26; 40 989   ; 40 991   ;2;1;21;18;21;0;1;0;0;2;7;58;0;27;0;27
62;1B;1;9;F2;O;F;F2_9_O;F2_9_O_B2;AT1_80;AT2_64; 40 934   ;86;126;AT1_80;64; 40 980   ;AT1;non; 40 984   ; 40 989   ;5;3;54;24;54;0;30;0;0;0;30; 40 989   ; 40 991   ;2;2;53;13;53;0;35;0;5;0;7;107;0;65;0;65
63;1B;1;9;F2;O;F;F2_9_O;F2_9_O_B2;AT1_80;AT2_64; 40 934   ;86;64;AT2_64;126; 40 980   ;AT2;oui; 40 984   ; 40 989   ;5;3;26;12;26;1;10;0;1;2;11; 40 989   ; 40 991   ;2;2;31;8;31;0;7;0;2;14;7;57;1;17;0.055555556;18
65;1B;1;9;F2;O;F;F2_9_O;F2_9_O_D;AT1_79;AT2_59; 40 934   ;63;36;AT1_79;50; 40 980   ;AT1;non; 40 984   ; 40 989   ;5;3;70;6;70;0;2;0;61;1;2; 40 989   ; 40 991   ;2;2;44;20;44;0;19;0;5;0;7;114;0;21;0;21
66;1B;1;9;F2;O;F;F2_9_O;F2_9_O_D;AT1_79;AT2_59; 40 934   ;63;50;AT2_59;36; 40 980   ;AT2;non; 40 984   ; 40 989   ;5;7;97;19;97;0;76;0;1;1;76; 40 989   ; 40 991   ;2;4;71;34;71;0;18;0;19;0;7;168;0;94;0;94
68;1B;1;9;F2;O;F;F2_9_O;F2_9_O_A1;AT1_114;AT2_87; 40 934   ;89;72;AT1_114;92; 40 980   ;AT1;non; 40 984   ; 40 989   ;5;4;100;3;100;0;0;78;19;0;0; 40 989   ; 40 991   ;2;2;72;4;72;1;0;33;30;4;7;172;1;0;1;1
69;1B;1;9;F2;O;F;F2_9_O;F2_9_O_A1;AT1_114;AT2_87; 40 934   ;89;92;AT2_87;72; 40 980   ;AT2;non; 40 984   ; 40 989   ;5;4;54;10;54;6;25;0;12;1;31; 40 989   ; 40 991   ;2;3;45;2;45;4;17;6;11;5;7;99;10;42;0.192307692;52
71;1B;1;16;M1;O;M;M1_16_O;M1_16_O_D2;AT1_99;AT2_10; 40 934   ;33;77;AT1_99;53; 40 980   ;AT1;non; 40 984   ; 40 989   ;5;3;38;24;38;0;10;0;4;0;10; 40 989   ; 40 991   ;2;0;0;0;0;0;0;0;0;0;7;38;0;10;0;10
72;1B;1;16;M1;O;M;M1_16_O;M1_16_O_D2;AT1_99;AT2_10; 40 934   ;33;53;AT2_10;77; 40 980   ;AT2;non; 40 984   ; 40 989   ;5;4;57;15;57;6;18;0;0;18;24; 40 989   ; 40 991   ;2;1;33;0;33;0;4;5;18;6;7;90;6;22;0.214285714;28
74;1B;1;16;M1;O;M;M1_16_O;M1_16_O_B1;AT1_127;AT1_54; 40 934   ;90;59;AT1_127;55; 40 980   ;AT1;non; 40 984   ; 40 989   ;5;5;57;28;57;27;2;0;0;0;29; 40 989   ; 40 991   ;2;0;0;0;0;0;0;0;0;0;7;57;27;2;0.931034483;29
75;1B;1;16;M1;O;M;M1_16_O;M1_16_O_B1;AT1_127;AT1_54; 40 934   ;90;55;AT1_54;59; 40 980   ;AT1;non; 40 984   ; 40 989   ;5;3;43;3;43;29;9;1;0;1;38; 40 989   ; 40 991   ;2;0;0;0;0;0;0;0;0;0;7;43;29;9;0.763157895;38
77;1B;1;16;M1;O;M;M1_16_O;M1_16_O_C;AT1_120;AT2_99; 40 934   ;87;41;AT1_120;53; 40 980   ;AT1;non; 40 984   ; 40 989   ;5;4;70;32;70;38;0;0;0;0;38; 40 989   ; 40 991   ;2;1;23;0;23;23;0;0;0;0;7;93;61;0;1;61
78;1B;1;16;M1;O;M;M1_16_O;M1_16_O_C;AT1_120;AT2_99; 40 934   ;87;53;AT2_99;41; 40 980   ;AT2;non; 40 984   ; 40 989   ;5;7;66;17;66;43;3;2;0;1;46; 40 989   ; 40 991   ;2;0;0;0;0;0;0;0;0;0;7;66;43;3;0.934782609;46
80;1B;1;18;M1;O;M;M1_18_O;M1_18_O_C2;AT1_98;AT2_78; 40 934   ;83;41;AT1_98;63; 40 980   ;AT1;non; 40 984   ; 40 989   ;5;3;49;10;49;25;14;0;0;0;39; 40 989   ; 40 991   ;2;0;0;0;0;0;0;0;0;0;7;49;25;14;0.641025641;39
81;1B;1;18;M1;O;M;M1_18_O;M1_18_O_C2;AT1_98;AT2_78; 40 934   ;83;63;AT2_78;41; 40 980   ;AT2;non; 40 984   ; 40 989   ;5;4;41;27;41;9;1;1;2;1;10; 40 989   ; 40 991   ;2;0;0;0;0;0;0;0;0;0;7;41;9;1;0.9;10
83;1B;1;18;M1;O;M;M1_18_O;M1_18_O_B1;AT1_130;AT2_83; 40 934   ;87;43;AT1_130;71; 40 980   ;AT1;non; 40 984   ; 40 989   ;5;4;61;13;61;48;0;0;0;0;48; 40 989   ; 40 991   ;2;1;36;6;36;26;2;2;0;0;7;97;74;2;0.973684211;76
84;1B;1;18;M1;O;M;M1_18_O;M1_18_O_B1;AT1_130;AT2_83; 40 934   ;87;71;AT2_83;43; 40 980   ;AT2;non; 40 984   ; 40 989   ;5;3;58;17;58;17;20;1;3;0;37; 40 989   ; 40 991   ;2;1;26;4;26;3;9;5;5;0;7;84;20;29;0.408163265;49
86;1B;1;17;M1;O;M;M1_17_O;M1_17_O_B2;AT1_124;AT1_141; 40 934   ;72;29;AT1_124;74; 40 980   ;AT1;non; 40 984   ; 40 989   ;5;3;60;6;60;33;14;7;0;0;47; 40 989   ; 40 991   ;2;2;49;5;49;10;9;15;10;0;7;109;43;23;0.651515152;66
87;1B;1;17;M1;O;M;M1_17_O;M1_17_O_B2;AT1_124;AT1_141; 40 934   ;72;74;AT1_141;29; 40 980   ;AT1;non; 40 984   ; 40 989   ;5;3;26;11;26;7;4;1;3;0;11; 40 989   ; 40 991   ;2;1;15;12;15;2;0;0;0;1;7;41;9;4;0.692307692;13
89;1B;1;17;M1;O;M;M1_17_O;M1_17_O_A1;AT1_86;AT2_93; 40 934   ;70;27;AT1_86;67; 40 980   ;AT1;non; 40 984   ; 40 989   ;5;4;66;8;66;34;18;0;0;6;52; 40 989   ; 40 991   ;2;3;60;20;60;17;18;1;0;4;7;126;51;36;0.586206897;87
90;1B;1;17;M1;O;M;M1_17_O;M1_17_O_A1;AT1_86;AT2_93; 40 934   ;70;67;AT2_93;27; 40 980   ;AT2;non; 40 984   ; 40 989   ;5;5;56;2;56;30;23;0;0;1;53; 40 989   ; 40 991   ;2;2;28;2;28;14;12;0;0;0;7;84;44;35;0.556962025;79
92;1B;1;17;M1;O;M;M1_17_O;M1_17_O_C;AT1_126;AT2_98; 40 934   ;57;41;AT1_126;74; 40 980   ;AT1;non; 40 984   ; 40 989   ;5;5;104;27;104;66;10;1;0;0;76; 40 989   ; 40 991   ;2;2;63;7;63;45;11;0;0;0;7;167;111;21;0.840909091;132
93;1B;1;17;M1;O;M;M1_17_O;M1_17_O_C;AT1_126;AT2_98; 40 934   ;57;74;AT2_98;41; 40 980   ;AT2;non; 40 984   ; 40 989   ;5;5;74;14;74;55;5;0;0;0;60; 40 989   ; 40 991   ;2;2;37;0;37;33;3;0;0;1;7;111;88;8;0.916666667;96
95;1B;1;15;M1;O;M;M1_15_O;M1_15_O_B2;AT1_60;AT2_77; 40 934   ;12;28;AT1_60;34; 40 980   ;AT1;non; 40 984   ; 40 989   ;5;2;27;13;27;0;13;0;1;0;13; 40 989   ; 40 991   ;2;2;27;8;27;1;6;0;10;2;7;54;1;19;0.05;20
96;1B;1;15;M1;O;M;M1_15_O;M1_15_O_B2;AT1_60;AT2_77; 40 934   ;12;34;AT2_77;28; 40 980   ;AT2;non; 40 984   ; 40 989   ;5;2;22;12;22;0;10;0;0;0;10; 40 989   ; 40 991   ;2;0;0;0;0;0;0;0;0;0;7;22;0;10;0;10
98;1B;1;12;F1;O;F;F1_12_O;F1_12_O_C;AT1_90;AT2_101; 40 934   ;75;31;AT1_90;64; 40 980   ;AT1;non; 40 984   ; 40 989   ;5;4;62;-49;111;66;43;0;0;2;109; 40 989   ; 40 991   ;2;1;40;6;40;30;4;0;0;0;7;151;96;47;0.671328671;143
99;1B;1;12;F1;O;F;F1_12_O;F1_12_O_C;AT1_90;AT2_101; 40 934   ;75;64;AT2_101;31; 40 980   ;AT2;non; 40 984   ; 40 989   ;5;3;30;6;30;0;2;0;15;7;2; 40 989   ; 40 991   ;2;1;16;4;16;0;12;0;0;0;7;46;0;14;0;14
101;1B;1;14;F1;O;F;F1_14_O;F1_14_O_C1;AT1_95;AT1_107; 40 934   ;45;56;AT1_95;64; 40 980   ;AT1;non; 40 984   ; 40 989   ;5;2;34;21;34;0;11;0;2;0;11; 40 989   ; 40 991   ;2;1;18;4;18;1;6;0;1;6;7;52;1;17;0.055555556;18
102;1B;1;14;F1;O;F;F1_14_O;F1_14_O_C1;AT1_95;AT1_107; 40 934   ;45;64;AT1_107;56; 40 980   ;AT1;non; 40 984   ; 40 989   ;5;1;13;10;13;0;3;0;0;0;3; 40 989   ; 40 991   ;2;0;0;0;0;0;0;0;0;0;7;13;0;3;0;3
104;1B;1;14;F1;O;F;F1_14_O;F1_14_O_C2;AT1_116;AT1_147; 40 934   ;45;59;AT1_116;62; 40 980   ;AT1;non; 40 984   ; 40 989   ;5;5;71;11;71;0;58;0;2;0;58; 40 989   ; 40 991   ;2;1;43;34;43;0;6;1;0;2;7;114;0;64;0;64
105;1B;1;14;F1;O;F;F1_14_O;F1_14_O_C2;AT1_116;AT1_147; 40 934   ;45;62;AT1_147;59; 40 980   ;AT1;non; 40 984   ; 40 989   ;5;8;118;41;118;0;76;0;0;1;76; 40 989   ; 40 991   ;2;6;94;48;94;0;44;0;1;1;7;212;0;120;0;120
107;1B;1;13;F1;O;F;F1_13_O;F1_13_O_B;AT1_115;AT1_145; 40 934   ;81;77;AT1_115;79; 40 980   ;AT1;non; 40 984   ; 40 989   ;5;4;18;-3;21;1;6;1;10;3;7; 40 989   ; 40 991   ;2;2;39;-1;40;9;21;2;3;5;7;61;10;27;0.27027027;37
108;1B;1;13;F1;O;F;F1_13_O;F1_13_O_B;AT1_115;AT1_145; 40 934   ;81;79;AT1_145;77; 40 980   ;AT1;non; 40 984   ; 40 989   ;5;5;66;7;66;1;52;1;3;2;53; 40 989   ; 40 991   ;2;0;0;0;0;0;0;0;0;0;7;66;1;52;0.018867925;53
110;1B;1;15;F1;O;F;F1_15_O;F1_15_O_C;AT1_135;AT2_96; 40 934   ;65;68;AT1_135;56; 40 980   ;AT1;non; 40 984   ; 40 989   ;5;6;64;30;64;6;22;0;4;2;28; 40 989   ; 40 991   ;2;1;5;3;5;0;1;0;1;0;7;69;6;23;0.206896552;29
111;1B;1;15;F1;O;F;F1_15_O;F1_15_O_C;AT1_135;AT2_96; 40 934   ;65;56;AT2_96;68; 40 980   ;AT2;non; 40 984   ; 40 989   ;5;6;71;43;71;0;25;0;0;3;25; 40 989   ; 40 991   ;2;1;27;1;27;0;21;1;2;2;7;98;0;46;0;46
113;1B;1;15;F1;O;F;F1_15_O;F1_15_O_B3;AT1_88;AT1_103; 40 934   ;56;47;AT1_88;71; 40 980   ;AT1;non; 40 984   ; 40 989   ;5;3;43;-12;55;0;55;0;0;0;55; 40 989   ; 40 991   ;2;2;44;1;44;0;42;0;1;0;7;99;0;97;0;97
114;1B;1;15;F1;O;F;F1_15_O;F1_15_O_B3;AT1_88;AT1_103; 40 934   ;56;71;AT1_103;47; 40 980   ;AT1;non; 40 984   ; 40 989   ;5;2;43;0;43;0;43;0;0;0;43; 40 989   ; 40 991   ;2;2;49;3;49;0;9;0;0;37;7;92;0;52;0;52
116;1B;1;12;M2;O;M;M2_12_O;M2_12_O_B3;AT1_117;AT1_146; 40 934   ;45;36;AT1_117;68; 40 980   ;AT1;non; 40 984   ; 40 989   ;5;4;76;6;76;65;5;0;0;0;70; 40 989   ; 40 991   ;2;3;72;25;72;18;3;15;0;11;7;148;83;8;0.912087912;91
117;1B;1;12;M2;O;M;M2_12_O;M2_12_O_B3;AT1_117;AT1_146; 40 934   ;45;68;AT1_146;36; 40 980   ;AT1;non; 40 984   ; 40 989   ;5;5;42;1;42;9;27;4;0;1;36; 40 989   ; 40 991   ;2;3;38;12;38;9;17;0;0;0;7;80;18;44;0.290322581;62
119;1B;1;13;M2;O;M;M2_13_O;M2_13_O_A3;AT1_62;AT2_71; 40 934   ;52;40;AT1_62;51; 40 980   ;AT1;non; 40 984   ; 40 989   ;5;2;37;6;37;6;22;0;2;1;28; 40 989   ; 40 991   ;2;0;0;0;0;0;0;0;0;0;7;37;6;22;0.214285714;28
120;1B;1;13;M2;O;M;M2_13_O;M2_13_O_A3;AT1_62;AT2_71; 40 934   ;52;51;AT2_71;40; 40 980   ;AT2;oui; 40 984   ; 40 989   ;5;4;52;8;52;0;31;0;12;1;31; 40 989   ; 40 991   ;2;1;25;1;25;0;0;0;24;0;7;77;0;31;0;31
122;1B;1;13;M2;O;M;M2_13_O;M2_13_O_B1;AT1_76;AT2_62; 40 934   ;68;24;AT1_76;78; 40 980   ;AT1;non; 40 984   ; 40 989   ;5;4;95;45;95;46;0;0;0;4;46; 40 989   ; 40 991   ;2;2;55;22;55;33;0;0;0;0;7;150;79;0;1;79
123;1B;1;13;M2;O;M;M2_13_O;M2_13_O_B1;AT1_76;AT2_62; 40 934   ;68;78;AT2_62;24; 40 980   ;AT2;non; 40 984   ; 40 989   ;5;3;39;21;39;10;5;0;0;3;15; 40 989   ; 40 991   ;2;3;38;3;38;22;12;0;0;1;7;77;32;17;0.653061224;49
125;1B;1;13;M2;O;M;M2_13_O;M2_13_O_D;AT1_96;AT2_100; 40 934   ;60;42;AT1_96;71; 40 980   ;AT1;non; 40 984   ; 40 989   ;5;3;66;-3;69;0;59;0;7;3;59; 40 989   ; 40 991   ;2;1;29;0;29;0;17;0;11;1;7;98;0;76;0;76
126;1B;1;13;M2;O;M;M2_13_O;M2_13_O_D;AT1_96;AT2_100; 40 934   ;60;71;AT2_100;42; 40 980   ;AT2;non; 40 984   ; 40 989   ;5;3;27;5;27;1;13;0;8;0;14; 40 989   ; 40 991   ;2;3;33;0;33;0;0;4;25;4;7;60;1;13;0.071428571;14
128;1B;1;12;M2;O;M;M2_12_O;M2_12_O_A;AT1_111;AT1_41; 40 934   ;33;53;AT1_111;48; 40 980   ;AT1;non; 40 984   ; 40 989   ;5;2;27;0;27;5;17;0;0;5;22; 40 989   ; 40 991   ;2;2;35;6;35;4;8;0;0;17;7;62;9;25;0.264705882;34
129;1B;1;12;M2;O;M;M2_12_O;M2_12_O_A;AT1_111;AT1_41; 40 934   ;33;48;AT1_41;53; 40 980   ;AT1;non; 40 984   ; 40 989   ;5;4;66;29;66;7;23;3;2;2;30; 40 989   ; 40 991   ;2;2;46;8;46;10;25;0;2;1;7;112;17;48;0.261538462;65
398;2A;2;15;F1;O;F;F1_15_O;F1_15_O_H2;AT1_224;AT2_247; 40 938   ;46;73;AT1_224;40; 40 987   ;AT1;non; 40 991   ; 40 995   ;4;4;53;8;53;2;43;0;0;0;45;;; ;;;0;;;;;;;4;53;2;43;0.044444444;45
399;2A;2;15;F1;O;F;F1_15_O;F1_15_O_H2;AT1_224;AT2_247; 40 938   ;46;40;AT2_247;73; 40 987   ;AT2;non; 40 991   ; 40 995   ;4;3;0;0;0;0;0;0;0;0;0;;; ;;;0;;;;;;;4;0;0;0;;0
410;2A;2;13;F1;O;F;F1_13_O;F1_13_O_F2;AT1_208;AT2_232; 40 938   ;31;34;AT1_208;58; 40 987   ;AT1;non; 40 991   ; 40 995   ;4;12;78;-3;81;16;39;4;19;3;55;;; ;;;0;;;;;;;4;81;16;39;0.290909091;55
411;2A;2;13;F1;O;F;F1_13_O;F1_13_O_F2;AT1_208;AT2_232; 40 938   ;31;58;AT2_232;34; 40 987   ;AT2;non; 40 991   ; 40 995   ;4;3;65;55;65;0;10;0;0;0;10;;; ;;;0;;;;;;;4;65;0;10;0;10
455;2A;2;17;M1;O;M;M1_17_O;M1_17_O_E3;AT1_237;AT2_241; 40 938   ;55;47;AT1_237;48; 40 987   ;AT1;non; 40 991   ; 40 995   ;4;1;36;-2;38;0;38;0;0;0;38;;; ;;;0;;;;;;;4;38;0;38;0;38
456;2A;2;17;M1;O;M;M1_17_O;M1_17_O_E3;AT1_237;AT2_241; 40 938   ;55;48;AT2_241;47; 40 987   ;AT2;non; 40 991   ; 40 995   ;4;5;97;13;97;32;0;38;0;14;32;;; ;;;0;;;;;;;4;97;32;0;1;32
479;2A;2;22;M2;O;M;M2_22_O;M2_22_O_E3;AT1_218;AT2_235; 40 938   ;30;34;AT1_218;50; 40 987   ;AT1;non; 40 991   ; 40 995   ;4;1;38;4;38;4;11;5;14;0;15;;; ;;;0;;;;;;;4;38;4;11;0.266666667;15
480;2A;2;22;M2;O;M;M2_22_O;M2_22_O_E3;AT1_218;AT2_235; 40 938   ;30;50;AT2_235;34; 40 987   ;AT2;non; 40 991   ; 40 995   ;4;2;42;5;42;19;18;0;0;0;37;;; ;;;0;;;;;;;4;42;19;18;0.513513514;37
488;2A;2;15;F1;O;F;F1_15_O;F1_15_O_E3;AT1_262;AT2_229; 40 938   ;53;32;AT1_262;68; 40 987   ;AT1;non; 40 991   ; 40 995   ;4;3;54;1;54;29;6;15;3;0;35;;; ;;;0;;;;;;;4;54;29;6;0.828571429;35
489;2A;2;15;F1;O;F;F1_15_O;F1_15_O_E3;AT1_262;AT2_229; 40 938   ;53;68;AT2_229;32; 40 987   ;AT2;non; 40 991   ; 40 995   ;4;4;83;2;83;0;63;2;16;0;63;;; ;;;0;;;;;;;4;83;0;63;0;63
494;2A;2;13;F1;O;F;F1_13_O;F1_13_O_E2;AT1_264;AT2_231; 40 938   ;49;30;AT1_264;43; 40 987   ;AT1;non; 40 991   ; 40 995   ;4;1;28;16;28;0;9;0;2;1;9;;; ;;;0;;;;;;;4;28;0;9;0;9
495;2A;2;13;F1;O;F;F1_13_O;F1_13_O_E2;AT1_264;AT2_231; 40 938   ;49;43;AT2_231;30; 40 987   ;AT2;non; 40 991   ; 40 995   ;4;4;46;5;46;0;30;0;11;0;30;;; ;;;0;;;;;;;4;46;0;30;0;30
554;2B;2;22;M2;O;M;M2_22_O;M2_22_O_F3;AT1_304;AT2_296; 40 941   ;58;42;AT1_304;63; 40 989   ;AT1;non; 40 994   ; 41 001   ;7;5;74;1;74;37;22;7;0;7;59; 41 001   ; 41 004   ;3;2;47;13;47;0;0;7;12;15;10;121;37;22;0.627118644;59
555;2B;2;22;M2;O;M;M2_22_O;M2_22_O_F3;AT1_304;AT2_296; 40 941   ;58;63;AT2_296;42; 40 989   ;AT2;non; 40 994   ; 41 001   ;7;3;39;11;39;0;13;4;5;6;13; 41 001   ; 41 004   ;3;3;44;13;44;3;8;0;14;6;10;83;3;21;0.125;24
557;2B;2;22;F1;O;F;F1_22_O;F1_22_O_H3;AT1_314;AT2_299; 40 941   ;35;41;AT1_314;34; 40 989   ;AT1;non; 40 994   ; 41 001   ;7;2;45;11;45;17;15;1;0;1;32; 41 001   ; 41 004   ;3;1;18;4;18;0;0;12;0;2;10;63;17;15;0.53125;32
558;2B;2;22;F1;O;F;F1_22_O;F1_22_O_H3;AT1_314;AT2_299; 40 941   ;35;34;AT2_299;41; 40 989   ;AT2;non; 40 994   ; 41 001   ;7;9;82;47;82;2;31;0;0;2;33; 41 001   ; 41 004   ;3;4;54;10;54;0;14;0;21;9;10;136;2;45;0.042553191;47
590;2B;2;23;M2;O;M;M2_23_O;M2_23_O_F3;AT1_316;AT2_294; 40 941   ;68;65;AT1_316;32; 40 989   ;AT1;non; 40 994   ; 41 001   ;7;3;62;-4;66;4;59;0;3;0;63; 41 001   ; 41 004   ;3;2;37;6;37;1;8;2;19;1;10;103;5;67;0.069444444;72
591;2B;2;23;M2;O;M;M2_23_O;M2_23_O_F3;AT1_316;AT2_294; 40 941   ;68;32;AT2_294;65; 40 989   ;AT2;non; 40 994   ; 41 001   ;7;8;101;-14;115;0;99;0;0;16;99; 41 001   ; 41 004   ;3;3;56;10;56;0;34;0;11;1;10;171;0;133;0;133
596;2B;2;22;F1;O;F;F1_22_O;F1_22_O_F3;AT1_323;AT2_285; 40 941   ;54;43;AT1_323;61; 40 989   ;AT1;non; 40 994   ; 41 001   ;7;4;102;-14;116;97;3;0;0;16;100; 41 001   ; 41 004   ;3;1;31;-2;33;27;1;3;0;2;10;149;124;4;0.96875;128
597;2B;2;22;F1;O;F;F1_22_O;F1_22_O_F3;AT1_323;AT2_285; 40 941   ;54;61;AT2_285;43; 40 989   ;AT2;non; 40 994   ; 41 001   ;7;7;88;7;88;5;72;0;0;4;77; 41 001   ; 41 004   ;3;1;31;1;31;0;23;0;5;2;10;119;5;95;0.05;100
599;2B;2;19;F2;O;F;F2_19_O;F2_19_O_F2;AT1_322;AT2_276; 40 941   ;21;60;AT1_322;62; 40 989   ;AT1;non; 40 994   ; 41 001   ;7;4;113;20;113;27;32;0;0;34;59; 41 001   ; 41 004   ;3;2;67;19;67;6;0;42;0;0;10;180;33;32;0.507692308;65
600;2B;2;19;F2;O;F;F2_19_O;F2_19_O_F2;AT1_322;AT2_276; 40 941   ;21;62;AT2_276;60; 40 989   ;AT2;non; 40 994   ; 41 001   ;7;10;125;-20;145;0;135;0;0;10;135; 41 001   ; 41 004   ;3;3;67;21;67;0;13;0;31;2;10;212;0;148;0;148
602;2B;2;28;M2;O;M;M2_28_O;M2_28_O_F3;AT1_321;AT2_305; 40 941   ;65;68;AT1_321;58; 40 989   ;AT1;non; 40 994   ; 41 001   ;7;5;125;21;125;42;17;0;0;45;59; 41 001   ; 41 004   ;3;1;38;5;38;0;0;26;7;0;10;163;42;17;0.711864407;59
603;2B;2;28;M2;O;M;M2_28_O;M2_28_O_F3;AT1_321;AT2_305; 40 941   ;65;58;AT2_305;68; 40 989   ;AT2;non; 40 994   ; 41 001   ;7;5;51;8;51;1;38;0;0;4;39; 41 001   ; 41 004   ;3;0;0;0;0;0;0;0;0;0;10;51;1;38;0.025641026;39
605;2B;2;17;F2;O;F;F2_17_O;F2_17_O_E2;AT1_328;AT2_295; 40 941   ;33;34;AT1_328;50; 40 989   ;AT1;non; 40 994   ; 41 001   ;7;4;66;-3;69;0;60;0;9;0;60; 41 001   ; 41 004   ;3;1;23;2;23;0;11;0;10;0;10;92;0;71;0;71
606;2B;2;17;F2;O;F;F2_17_O;F2_17_O_E2;AT1_328;AT2_295; 40 941   ;33;50;AT2_295;34; 40 989   ;AT2;non; 40 994   ; 41 001   ;7;5;37;-25;62;0;62;0;0;0;62; 41 001   ; 41 004   ;3;3;32;3;32;0;29;0;0;0;10;94;0;91;0;91
623;2B;2;7;F2;O;F;F2_7_O;F2_7_O_G2;AT1_300;AT2_281; 40 941   ;48;59;AT1_300;46; 40 989   ;AT1;non; 40 994   ; 41 001   ;7;4;63;0;63;1;34;0;0;28;35; 41 001   ; 41 004   ;3;2;39;5;39;0;17;1;16;0;10;102;1;51;0.019230769;52
624;2B;2;7;F2;O;F;F2_7_O;F2_7_O_G2;AT1_300;AT2_281; 40 941   ;48;46;AT2_281;59; 40 989   ;AT2;non; 40 994   ; 41 001   ;7;10;108;-9;117;0;107;0;2;8;107; 41 001   ; 41 004   ;3;0;0;0;0;0;0;0;0;0;10;117;0;107;0;107
626;2B;2;22;F1;O;F;F1_22_O;F1_22_O_G3;AT1_301;AT2_282; 40 941   ;59;42;AT1_301;69; 40 989   ;AT1;non; 40 994   ; 41 001   ;7;6;125;-3;128;64;46;1;1;16;110; 41 001   ; 41 004   ;3;2;52;2;52;20;22;1;7;0;10;180;84;68;0.552631579;152
627;2B;2;22;F1;O;F;F1_22_O;F1_22_O_G3;AT1_301;AT2_282; 40 941   ;59;69;AT2_282;42; 40 989   ;AT2;non; 40 994   ; 41 001   ;7;10;129;16;129;8;101;0;3;1;109; 41 001   ; 41 004   ;3;4;73;11;73;0;11;0;7;44;10;202;8;112;0.066666667;120
632;2B;2;9;F2;O;F;F2_9_O;F2_9_O_F1;AT1_293;AT2_277; 40 941   ;44;27;AT1_293;59; 40 989   ;AT1;non; 40 994   ; 41 001   ;7;4;64;14;64;0;40;0;8;2;40; 41 001   ; 41 004   ;3;2;45;7;45;0;29;0;9;0;10;109;0;69;0;69
633;2B;2;9;F2;O;F;F2_9_O;F2_9_O_F1;AT1_293;AT2_277; 40 941   ;44;59;AT2_277;27; 40 989   ;AT2;non; 40 994   ; 41 001   ;7;5;85;2;85;0;59;0;16;8;59; 41 001   ; 41 004   ;3;3;48;8;48;0;5;0;29;6;10;133;0;64;0;64
644;2B;2;9;F2;O;F;F2_9_O;F2_9_O_G1;AT1_274;AT2_318; 40 941   ;35;55;AT1_274;59; 40 989   ;AT1;non; 40 994   ; 41 001   ;7;2;36;-32;68;3;25;0;6;34;28; 41 001   ; 41 004   ;3;2;48;6;48;0;31;0;8;3;10;116;3;56;0.050847458;59
645;2B;2;9;F2;O;F;F2_9_O;F2_9_O_G1;AT1_274;AT2_318; 40 941   ;35;59;AT2_318;55; 40 989   ;AT2;non; 40 994   ; 41 001   ;7;4;74;10;74;0;61;0;2;1;61; 41 001   ; 41 004   ;3;2;44;11;44;0;25;0;6;2;10;118;0;86;0;86
653;2B;2;18;M1;O;M;M1_18_O;M1_18_O_F2;AT1_335;AT2_315; 40 941   ;67;51;AT1_335;61; 40 989   ;AT1;non; 40 994   ; 41 001   ;7;6;107;32;107;73;2;0;0;0;75; 41 001   ; 41 004   ;3;2;57;3;57;0;0;12;0;42;10;164;73;2;0.973333333;75
654;2B;2;18;M1;O;M;M1_18_O;M1_18_O_F2;AT1_335;AT2_315; 40 941   ;67;61;AT2_315;51; 40 989   ;AT2;non; 40 994   ; 41 001   ;7;4;55;14;55;23;7;1;1;9;30; 41 001   ; 41 004   ;3;3;40;10;40;5;2;4;1;18;10;95;28;9;0.756756757;37
668;2B;2;24;M2;O;M;M2_24_O;M2_24_O_F3;AT1_339;AT2_312; 40 941   ;34;46;AT1_339;40; 40 989   ;AT1;non; 40 994   ; 41 001   ;7;3;51;6;51;40;0;5;0;0;40; 41 001   ; 41 004   ;3;2;31;1;31;9;0;10;0;11;10;82;49;0;1;49
669;2B;2;24;M2;O;M;M2_24_O;M2_24_O_F3;AT1_339;AT2_312; 40 941   ;34;40;AT2_312;46; 40 989   ;AT2;non; 40 994   ; 41 001   ;7;7;103;22;103;36;3;9;1;32;39; 41 001   ; 41 004   ;3;3;62;3;62;0;0;8;0;51;10;165;36;3;0.923076923;39
671;2B;2;24;M2;O;M;M2_24_O;M2_24_O_E3;AT1_294;AT2_280; 40 941   ;48;68;AT1_294;59; 40 989   ;AT1;non; 40 994   ; 41 001   ;7;3;74;0;74;9;9;10;45;1;18; 41 001   ; 41 004   ;3;3;62;1;62;11;38;3;8;1;10;136;20;47;0.298507463;67
672;2B;2;24;M2;O;M;M2_24_O;M2_24_O_E3;AT1_294;AT2_280; 40 941   ;48;59;AT2_280;68; 40 989   ;AT2;non; 40 994   ; 41 001   ;7;7;116;1;116;18;71;2;10;14;89; 41 001   ; 41 004   ;3;5;68;-3;71;0;0;2;36;33;10;187;18;71;0.202247191;89
674;2B;2;28;M2;O;M;M2_28_O;M2_28_O_E1;AT1_295;AT2_289; 40 941   ;55;35;AT1_295;61; 40 989   ;AT1;non; 40 994   ; 41 001   ;7;5;107;54;107;47;2;4;0;0;49; 41 001   ; 41 004   ;3;3;62;20;62;3;0;0;0;39;10;169;50;2;0.961538462;52
675;2B;2;28;M2;O;M;M2_28_O;M2_28_O_E1;AT1_295;AT2_289; 40 941   ;55;61;AT2_289;35; 40 989   ;AT2;non; 40 994   ; 41 001   ;7;5;68;18;68;13;7;4;21;5;20; 41 001   ; 41 004   ;3;2;40;8;40;0;0;0;0;32;10;108;13;7;0.65;20
677;2B;2;28;M2;O;M;M2_28_O;M2_28_O_E2;AT1_296;AT2_297; 40 941   ;65;42;AT1_296;59; 40 989   ;AT1;non; 40 994   ; 41 001   ;7;4;107;-1;108;68;0;36;0;4;68; 41 001   ; 41 004   ;3;3;83;12;83;63;0;0;0;8;10;191;131;0;1;131
678;2B;2;28;M2;O;M;M2_28_O;M2_28_O_E2;AT1_296;AT2_297; 40 941   ;65;59;AT2_297;42; 40 989   ;AT2;non; 40 994   ; 41 001   ;7;9;80;26;80;0;28;0;21;5;28; 41 001   ; 41 004   ;3;4;62;-7;69;0;0;0;0;69;10;149;0;28;0;28
680;2B;2;12;M2;O;M;M2_12_O;M2_12_O_F3;AT1_297;AT2_290; 40 941   ;27;40;AT1_297;62; 40 989   ;AT1;non; 40 994   ; 41 001   ;7;3;61;2;61;29;25;0;1;4;54; 41 001   ; 41 004   ;3;2;45;4;45;0;0;18;23;0;10;106;29;25;0.537037037;54
681;2B;2;12;M2;O;M;M2_12_O;M2_12_O_F3;AT1_297;AT2_290; 40 941   ;27;62;AT2_290;40; 40 989   ;AT2;non; 40 994   ; 41 001   ;7;5;74;0;74;10;43;0;0;21;53; 41 001   ; 41 004   ;3;3;52;13;52;0;0;1;7;31;10;126;10;43;0.188679245;53
692;2B;2;26;M2;O;M;M2_26_O;M2_26_O_E3;AT1_291;AT2_333; 40 941   ;51;49;AT1_291;70; 40 989   ;AT1;non; 40 994   ; 41 001   ;7;4;67;13;67;2;39;0;1;12;41; 41 001   ; 41 004   ;3;4;64;10;64;1;24;0;0;29;10;131;3;63;0.045454545;66
693;2B;2;26;M2;O;M;M2_26_O;M2_26_O_E3;AT1_291;AT2_333; 40 941   ;51;70;AT2_333;49; 40 989   ;AT2;non; 40 994   ; 41 001   ;7;4;79;2;79;34;39;1;2;1;73; 41 001   ; 41 004   ;3;1;37;6;37;0;0;0;0;31;10;116;34;39;0.465753425;73
707;2B;2;22;F1;O;F;F1_22_O;F1_22_O_E2;AT1_331;AT2_308; 40 941   ;42;44;AT1_331;40; 40 989   ;AT1;non; 40 994   ; 41 001   ;7;2;47;12;47;0;30;0;2;3;30; 41 001   ; 41 004   ;3;2;43;8;43;0;1;7;24;3;10;90;0;31;0;31
708;2B;2;22;F1;O;F;F1_22_O;F1_22_O_E2;AT1_331;AT2_308; 40 941   ;42;40;AT2_308;44; 40 989   ;AT2;non; 40 994   ; 41 001   ;7;4;51;23;51;2;23;1;2;0;25; 41 001   ; 41 004   ;3;3;40;3;40;0;11;3;22;1;10;91;2;34;0.055555556;36
719;2B;2;19;F2;O;F;F2_19_O;F2_19_O_G2;AT1_324;AT2_301; 40 941   ;30;55;AT1_324;39; 40 989   ;AT1;non; 40 994   ; 41 001   ;7;4;85;46;85;9;30;0;0;0;39; 41 001   ; 41 004   ;3;3;70;5;70;0;0;13;52;0;10;155;9;30;0.230769231;39
720;2B;2;19;F2;O;F;F2_19_O;F2_19_O_G2;AT1_324;AT2_301; 40 941   ;30;39;AT2_301;55; 40 989   ;AT2;non; 40 994   ; 41 001   ;7;3;50;12;50;1;33;0;4;0;34; 41 001   ; 41 004   ;3;3;46;6;46;0;15;0;24;1;10;96;1;48;0.020408163;49
749;2A;2;15;F1;O;F;F1_15_O;F1_15_O_F2;AT1_214;AT2_261; 40 938   ;24;47;AT1_214;45; 40 987   ;AT1;non; 40 991   ; 40 995   ;4;5;67;-6;73;6;55;0;11;1;61;;; ;;;0;;;;;;;4;73;6;55;0.098360656;61
750;2A;2;15;F1;O;F;F1_15_O;F1_15_O_F2;AT1_214;AT2_261; 40 938   ;24;45;AT2_261;47; 40 987   ;AT2;non; 40 991   ; 40 995   ;4;4;81;8;81;2;37;0;23;11;39;;; ;;;0;;;;;;;4;81;2;37;0.051282051;39
782;3A;3;26;M2;O;M;M2_26_O;M2_26_O_I2;AT1_432;AT2_444; 40 945   ;15;82;AT1_432;63; 40 994   ;AT1;non; 40 998   ; 41 002   ;4;2;27;1;27;0;10;0;2;14;10; 41 002   ; 41 005   ;3;3;34;0;34;0;34;0;0;0;7;61;0;44;0;44
783;3A;3;26;M2;O;M;M2_26_O;M2_26_O_I2;AT1_432;AT2_444; 40 945   ;15;63;AT2_444;82; 40 994   ;AT2;non; 40 998   ; 41 002   ;4;5;123;0;123;2;90;0;21;10;92; 41 002   ; 41 005   ;3;5;87;40;87;0;34;0;13;0;7;210;2;124;0.015873016;126
827;3A;3;23;M1;O;M;M1_23_O;M1_23_O_I3;AT1_429;AT2_417; 40 945   ;19;70;AT1_429;58; 40 994   ;AT1;non; 40 998   ; 41 002   ;4;5;59;4;59;42;5;6;1;1;47; 41 002   ; 41 005   ;3;3;40;-28;68;41;24;1;1;1;7;127;83;29;0.741071429;112
828;3A;3;23;M1;O;M;M1_23_O;M1_23_O_I3;AT1_429;AT2_417; 40 945   ;19;58;AT2_417;70; 40 994   ;AT2;non; 40 998   ; 41 002   ;4;4;55;10;55;0;0;28;16;1;0; 41 002   ; 41 005   ;3;2;30;4;30;2;7;6;10;1;7;85;2;7;0.222222222;9
830;3A;3;22;M2;O;M;M2_22_O;M2_22_O_I3;AT1_404;AT2_437; 40 945   ;40;27;AT1_404;48; 40 994   ;AT1;non; 40 998   ; 41 002   ;4;3;78;22;78;52;0;4;0;0;52; 41 002   ; 41 005   ;3;4;57;-3;60;58;0;2;0;0;7;138;110;0;1;110
831;3A;3;22;M2;O;M;M2_22_O;M2_22_O_I3;AT1_404;AT2_437; 40 945   ;40;48;AT2_437;27; 40 994   ;AT2;non; 40 998   ; 41 002   ;4;2;45;4;45;0;39;0;2;0;39; 41 002   ; 41 005   ;3;3;42;0;42;0;42;0;0;0;7;87;0;81;0;81
839;3A;3;13;F1;O;F;F1_13_O;F1_13_O_J3;AT1_427;AT2_438; 40 945   ;21;38;AT1_427;46; 40 994   ;AT1;non; 40 998   ; 41 002   ;4;2;57;8;57;0;14;0;35;0;14; 41 002   ; 41 005   ;3;2;42;17;42;0;24;0;0;1;7;99;0;38;0;38
840;3A;3;13;F1;O;F;F1_13_O;F1_13_O_J3;AT1_427;AT2_438; 40 945   ;21;46;AT2_438;38; 40 994   ;AT2;non; 40 998   ; 41 002   ;4;3;50;14;50;0;20;0;2;14;20; 41 002   ; 41 005   ;3;2;31;-3;34;0;28;0;3;3;7;84;0;48;0;48
845;3A;3;12;F1;O;F;F1_12_O;F1_12_O_I3;AT1_417;AT2_432; 40 945   ;17;41;AT1_417;78; 40 994   ;AT1;non; 40 998   ; 41 002   ;4;0;0;0;0;0;0;0;0;0;0;;; ;;;0;;;;;;;4;0;0;0;;0
846;3A;3;12;F1;O;F;F1_12_O;F1_12_O_I3;AT1_417;AT2_432; 40 945   ;17;78;AT2_432;41; 40 994   ;AT2;non; 40 998   ; 41 002   ;4;0;0;0;0;0;0;0;0;0;0; 41 002   ; 41 005   ;3;0;0;0;0;0;0;0;0;0;7;0;0;0;;0
860;3A;3;22;F1;O;F;F1_22_O;F1_22_O_I3;AT1_416;AT2_428; 40 945   ;35;41;AT1_416;46; 40 994   ;AT1;non; 40 998   ; 41 002   ;4;2;64;4;64;17;28;3;9;3;45; 41 002   ; 41 005   ;3;3;43;4;43;10;26;0;2;1;7;107;27;54;0.333333333;81
861;3A;3;22;F1;O;F;F1_22_O;F1_22_O_I3;AT1_416;AT2_428; 40 945   ;35;46;AT2_428;41; 40 994   ;AT2;non; 40 998   ; 41 002   ;4;4;52;-8;60;0;44;0;2;14;44; 41 002   ; 41 005   ;3;5;60;4;60;0;49;0;0;7;7;120;0;93;0;93
911;3A;3;18;M1;O;M;M1_18_O;M1_18_O_I2;AT1_466;AT2_476; 40 945   ;39;48;AT1_466;60; 40 994   ;AT1;non; 40 998   ; 41 002   ;4;2;53;-3;56;9;0;46;0;1;9; 41 002   ; 41 005   ;3;3;50;4;50;46;0;0;0;0;7;106;55;0;1;55
912;3A;3;18;M1;O;M;M1_18_O;M1_18_O_I2;AT1_466;AT2_476; 40 945   ;39;60;AT2_476;48; 40 994   ;AT2;non; 40 998   ; 41 002   ;4;2;17;0;17;0;4;0;10;3;4; 41 002   ; 41 005   ;3;0;0;0;0;0;0;0;0;0;7;17;0;4;0;4
917;3A;3;25;M1;O;M;M1_25_O;M1_25_O_I3;AT1_444;AT2_447; 40 945   ;41;57;AT1_444;55; 40 994   ;AT1;non; 40 998   ; 41 002   ;4;2;51;-1;52;9;22;9;12;0;31; 41 002   ; 41 005   ;3;2;47;4;47;11;24;4;2;2;7;99;20;46;0.303030303;66
918;3A;3;25;M1;O;M;M1_25_O;M1_25_O_I3;AT1_444;AT2_447; 40 945   ;41;55;AT2_447;57; 40 994   ;AT2;non; 40 998   ; 41 002   ;4;1;12;-1;13;4;9;0;0;0;13; 41 002   ; 41 005   ;3;4;35;2;35;12;20;0;0;1;7;48;16;29;0.355555556;45
920;3A;3;16;M1;O;M;M1_16_O;M1_16_O_J2;AT1_445;AT2_448; 40 945   ;29;73;AT1_445;76; 40 994   ;AT1;non; 40 998   ; 41 002   ;4;2;73;15;73;19;34;3;2;0;53; 41 002   ; 41 005   ;3;3;78;11;78;23;44;0;0;0;7;151;42;78;0.35;120
921;3A;3;16;M1;O;M;M1_16_O;M1_16_O_J2;AT1_445;AT2_448; 40 945   ;29;76;AT2_448;73; 40 994   ;AT2;non; 40 998   ; 41 002   ;4;4;80;-8;88;2;73;0;0;13;75; 41 002   ; 41 005   ;3;3;57;-5;62;1;60;0;1;0;7;150;3;133;0.022058824;136
923;3A;3;8;F2;O;F;F2_8_O;F2_8_O_I2;AT1_446;AT2_449; 40 945   ;10;40;AT1_446;74; 40 994   ;AT1;non; 40 998   ; 41 002   ;4;5;91;-21;112;0;112;0;0;0;112; 41 002   ; 41 005   ;3;3;67;24;67;0;39;0;3;1;7;179;0;151;0;151
924;3A;3;8;F2;O;F;F2_8_O;F2_8_O_I2;AT1_446;AT2_449; 40 945   ;10;74;AT2_449;40; 40 994   ;AT2;non; 40 998   ; 41 002   ;4;1;7;-16;23;0;21;0;0;2;21;;; ;;;0;;;;;;;4;23;0;21;0;21
926;3A;3;18;F2;O;F;F2_18_O;F2_18_O_I2;AT1_447;AT2_445; 40 945   ;20;29;AT1_447;50; 40 994   ;AT1;non; 40 998   ; 41 002   ;4;4;64;11;64;33;10;4;2;4;43; 41 002   ; 41 005   ;3;3;49;4;49;8;34;1;1;1;7;113;41;44;0.482352941;85
927;3A;3;18;F2;O;F;F2_18_O;F2_18_O_I2;AT1_447;AT2_445; 40 945   ;20;50;AT2_445;29; 40 994   ;AT2;non; 40 998   ; 41 002   ;4;2;17;2;17;0;7;0;8;0;7; 41 002   ; 41 005   ;3;0;0;0;0;0;0;0;0;0;7;17;0;7;0;7
929;3A;3;25;F1;O;F;F1_25_O;F1_25_O_I3;AT1_436;AT2_423; 40 945   ;41;62;AT1_436;70; 40 994   ;AT1;non; 40 998   ; 41 002   ;4;3;86;4;86;0;42;0;38;2;42; 41 002   ; 41 005   ;3;2;32;-28;60;0;29;0;1;30;7;146;0;71;0;71
930;3A;3;25;F1;O;F;F1_25_O;F1_25_O_I3;AT1_436;AT2_423; 40 945   ;41;70;AT2_423;62; 40 994   ;AT2;non; 40 998   ; 41 002   ;4;0;0;0;0;0;0;0;0;0;0; 41 002   ; 41 005   ;3;2;44;0;44;0;44;0;0;0;7;44;0;44;0;44
932;3A;3;9;F2;O;F;F2_9_O;F2_9_O_I3;AT1_442;AT2_424; 40 945   ;21;48;AT1_442;57; 40 994   ;AT1;non; 40 998   ; 41 002   ;4;3;62;17;62;0;35;0;10;0;35; 41 002   ; 41 005   ;3;3;49;7;49;0;32;0;10;0;7;111;0;67;0;67
933;3A;3;9;F2;O;F;F2_9_O;F2_9_O_I3;AT1_442;AT2_424; 40 945   ;21;57;AT2_424;48; 40 994   ;AT2;non; 40 998   ; 41 002   ;4;4;69;16;69;0;48;0;5;0;48; 41 002   ; 41 005   ;3;4;47;0;47;0;45;0;2;0;7;116;0;93;0;93
941;3A;3;24;M2;O;M;M2_24_O;M2_24_O_I2;AT1_426;AT2_427; 40 945   ;22;28;AT1_426;64; 40 994   ;AT1;non; 40 998   ; 41 002   ;4;1;36;2;36;21;7;5;1;0;28; 41 002   ; 41 005   ;3;3;61;3;61;55;2;0;0;1;7;97;76;9;0.894117647;85
942;3A;3;24;M2;O;M;M2_24_O;M2_24_O_I2;AT1_426;AT2_427; 40 945   ;22;64;AT2_427;28; 40 994   ;AT2;non; 40 998   ; 41 002   ;4;3;33;4;33;0;29;0;0;0;29; 41 002   ; 41 005   ;3;3;26;7;26;0;19;0;0;0;7;59;0;48;0;48
947;3A;3;14;M2;O;M;M2_14_O;M2_14_O_I3;AT1_421;AT2_410; 40 945   ;25;37;AT1_421;47; 40 994   ;AT1;non; 40 998   ; 41 002   ;4;3;59;6;59;5;0;19;0;29;5; 41 002   ; 41 005   ;3;3;66;17;66;15;0;19;0;15;7;125;20;0;1;20
948;3A;3;14;M2;O;M;M2_14_O;M2_14_O_I3;AT1_421;AT2_410; 40 945   ;25;47;AT2_410;37; 40 994   ;AT2;non; 40 998   ; 41 002   ;4;3;30;-5;35;2;12;1;8;12;14; 41 002   ; 41 005   ;3;3;29;2;29;8;16;0;1;2;7;64;10;28;0.263157895;38
950;3A;3;23;F1;O;F;F1_23_O;F1_23_O_I;AT1_412;AT2_403; 40 945   ;14;71;AT1_412;72; 40 994   ;AT1;non; 40 998   ; 41 002   ;4;3;73;10;73;1;40;0;22;0;41; 41 002   ; 41 005   ;3;3;72;12;72;0;59;0;1;0;7;145;1;99;0.01;100
951;3A;3;23;F1;O;F;F1_23_O;F1_23_O_I;AT1_412;AT2_403; 40 945   ;14;72;AT2_403;71; 40 994   ;AT2;non; 40 998   ; 41 002   ;4;5;70;6;70;0;11;7;27;19;11; 41 002   ; 41 005   ;3;3;46;3;46;0;15;0;12;16;7;116;0;26;0;26
995;3A;3;13;F1;O;F;F1_13_O;F1_13_O_I3;AT1_441;AT2_433; 40 945   ;27;49;AT1_441;57; 40 994   ;AT1;non; 40 998   ; 41 002   ;4;1;38;-1;39;0;39;0;0;0;39; 41 002   ; 41 005   ;3;3;44;7;44;0;36;0;0;1;7;83;0;75;0;75
996;3A;3;13;F1;O;F;F1_13_O;F1_13_O_I3;AT1_441;AT2_433; 40 945   ;27;57;AT2_433;49; 40 994   ;AT2;non; 40 998   ; 41 002   ;4;2;51;12;51;0;36;0;3;0;36; 41 002   ; 41 005   ;3;4;65;14;65;0;43;0;5;3;7;116;0;79;0;79
998;3A;3;12;M2;O;M;M2_12_O;M2_12_O_I3;AT1_431;AT2_434; 40 945   ;35;53;AT1_431;58; 40 994   ;AT1;non; 40 998   ; 41 002   ;4;2;46;3;46;6;16;0;0;21;22; 41 002   ; 41 005   ;3;2;43;1;43;39;3;0;0;0;7;89;45;19;0.703125;64
999;3A;3;12;M2;O;M;M2_12_O;M2_12_O_I3;AT1_431;AT2_434; 40 945   ;35;58;AT2_434;53; 40 994   ;AT2;non; 40 998   ; 41 002   ;4;0;0;0;0;0;0;0;0;0;0; 41 002   ; 41 005   ;3;5;83;-7;90;50;34;1;1;4;7;90;50;34;0.595238095;84
1001;3A;3;15;F1;O;F;F1_15_O;F1_15_O_I3;AT1_433;AT2_430; 40 945   ;38;46;AT1_433;45; 40 994   ;AT1;non; 40 998   ; 41 002   ;4;1;14;-34;48;0;0;0;0;48;0; 41 002   ; 41 005   ;3;2;48;14;48;0;0;0;0;34;7;96;0;0;;0
1002;3A;3;15;F1;O;F;F1_15_O;F1_15_O_I3;AT1_433;AT2_430; 40 945   ;38;45;AT2_430;46; 40 994   ;AT2;non; 40 998   ; 41 002   ;4;5;62;7;62;0;26;0;28;1;26; 41 002   ; 41 005   ;3;5;76;21;76;0;49;0;3;3;7;138;0;75;0;75
1010;3A;3;18;M1;O;M;M1_18_O;M1_18_O_I1;AT1_484;AT2_491; 40 945   ;45;58;AT1_484;60; 40 994   ;AT1;non; 40 998   ; 41 002   ;4;3;59;7;59;4;2;40;4;2;6; 41 002   ; 41 005   ;3;4;51;5;51;38;7;0;1;0;7;110;42;9;0.823529412;51
1011;3A;3;18;M1;O;M;M1_18_O;M1_18_O_I1;AT1_484;AT2_491; 40 945   ;45;60;AT2_491;58; 40 994   ;AT2;non; 40 998   ; 41 002   ;4;2;26;-3;29;8;11;5;5;0;19; 41 002   ; 41 005   ;3;4;72;3;72;16;46;3;1;3;7;101;24;57;0.296296296;81
1049;3B;3;24;M2;O;M;M2_24_O;M2_24_O_J3;AT1_561;AT2_546; 40 948   ;45;58;AT1_561;73; 40 996   ;AT1;non; 41 001   ; 41 005   ;4;1;27;19;27;8;0;0;0;0;8; 41 005   ; 41 009   ;4;1;18;0;18;9;4;4;1;0;8;45;17;4;0.80952381;21
1050;3B;3;24;M2;O;M;M2_24_O;M2_24_O_J3;AT1_561;AT2_546; 40 948   ;45;73;AT2_546;58; 40 996   ;AT2;non; 41 001   ; 41 005   ;4;3;59;3;59;0;4;14;0;38;4; 41 005   ; 41 009   ;4;8;89;17;89;7;11;15;30;9;8;148;7;15;0.318181818;22
1052;3B;3;27;M2;O;M;M2_27_O;M2_27_O_I3;AT1_565;AT2_553; 40 948   ;33;75;AT1_565;58; 40 996   ;AT1;non; 41 001   ; 41 005   ;4;5;105;26;105;40;28;0;0;11;68; 41 005   ; 41 009   ;4;7;107;12;107;44;48;2;1;0;8;212;84;76;0.525;160
1053;3B;3;27;M2;O;M;M2_27_O;M2_27_O_I3;AT1_565;AT2_553; 40 948   ;33;58;AT2_553;75; 40 996   ;AT2;non; 41 001   ; 41 005   ;4;3;61;-17;78;13;41;5;0;19;54; 41 005   ; 41 009   ;4;4;67;3;67;7;25;7;17;8;8;145;20;66;0.23255814;86
1058;3B;3;15;F1;O;F;F1_15_O;F1_15_O_J3;AT1_542;AT2_559; 40 948   ;46;40;AT1_542;71; 40 996   ;AT1;non; 41 001   ; 41 005   ;4;2;62;6;62;2;49;0;0;5;51; 41 005   ; 41 009   ;4;3;95;12;95;6;51;4;22;0;8;157;8;100;0.074074074;108
1059;3B;3;15;F1;O;F;F1_15_O;F1_15_O_J3;AT1_542;AT2_559; 40 948   ;46;71;AT2_559;40; 40 996   ;AT2;non; 41 001   ; 41 005   ;4;2;22;-2;24;0;14;0;0;10;14; 41 005   ; 41 009   ;4;7;48;18;48;0;24;0;6;0;8;72;0;38;0;38
1070;3B;3;25;M1;O;M;M1_25_O;M1_25_O_K3;AT1_528;AT2_556; 40 948   ;60;84;AT1_528;84; 40 996   ;AT1;non; 41 001   ; 41 005   ;4;2;41;2;41;8;10;10;6;5;18; 41 005   ; 41 009   ;4;4;99;18;99;4;1;16;41;19;8;140;12;11;0.52173913;23
1071;3B;3;25;M1;O;M;M1_25_O;M1_25_O_K3;AT1_528;AT2_556; 40 948   ;60;84;AT2_556;84; 40 996   ;AT2;non; 41 001   ; 41 005   ;4;4;98;11;98;53;17;8;0;9;70; 41 005   ; 41 009   ;4;7;100;36;100;46;6;11;0;1;8;198;99;23;0.81147541;122
1073;3B;3;26;M2;O;M;M2_26_O;M2_26_O_J2;AT1_530;AT2_557; 40 948   ;10;114;AT1_530;83; 40 996   ;AT1;non; 41 001   ; 41 005   ;4;2;79;57;79;0;19;0;3;0;19; 41 005   ; 41 009   ;4;4;89;16;89;3;60;1;9;0;8;168;3;79;0.036585366;82
1074;3B;3;26;M2;O;M;M2_26_O;M2_26_O_J2;AT1_530;AT2_557; 40 948   ;10;83;AT2_557;114; 40 996   ;AT2;non; 41 001   ; 41 005   ;4;7;162;0;162;0;119;0;9;34;119; 41 005   ; 41 009   ;4;4;120;5;120;0;92;10;11;2;8;282;0;211;0;211
1076;3B;3;25;M1;O;M;M1_25_O;M1_25_O_J3;AT1_527;AT2_561; 40 948   ;39;52;AT1_527;86; 40 996   ;AT1;non; 41 001   ; 41 005   ;4;3;86;22;86;9;28;1;4;22;37; 41 005   ; 41 009   ;4;5;91;6;91;22;55;3;1;4;8;177;31;83;0.271929825;114
1077;3B;3;25;M1;O;M;M1_25_O;M1_25_O_J3;AT1_527;AT2_561; 40 948   ;39;86;AT2_561;52; 40 996   ;AT2;non; 41 001   ; 41 005   ;4;2;51;-1;52;2;2;0;2;46;4; 41 005   ; 41 009   ;4;4;73;6;73;11;49;1;6;0;8;125;13;51;0.203125;64
1079;3B;3;18;F2;O;F;F2_18_O;F2_18_O_J2;AT1_529;AT2_560; 40 948   ;36;69;AT1_529;91; 40 996   ;AT1;non; 41 001   ; 41 005   ;4;2;76;5;76;0;56;0;14;1;56; 41 005   ; 41 009   ;4;3;80;6;80;0;39;0;0;35;8;156;0;95;0;95
1080;3B;3;18;F2;O;F;F2_18_O;F2_18_O_J2;AT1_529;AT2_560; 40 948   ;36;91;AT2_560;69; 40 996   ;AT2;non; 41 001   ; 41 005   ;4;4;102;-5;107;1;79;2;20;5;80; 41 005   ; 41 009   ;4;4;128;41;128;0;28;1;53;5;8;235;1;107;0.009259259;108
1100;3B;3;24;M2;O;M;M2_24_O;M2_24_O_I3;AT1_572;AT2_513; 40 948   ;43;50;AT1_572;97; 40 996   ;AT1;non; 41 001   ; 41 005   ;4;4;109;-11;120;8;74;0;0;38;82; 41 005   ; 41 009   ;4;4;95;-10;105;3;27;7;40;28;8;225;11;101;0.098214286;112
1101;3B;3;24;M2;O;M;M2_24_O;M2_24_O_I3;AT1_572;AT2_513; 40 948   ;43;97;AT2_513;50; 40 996   ;AT2;non; 41 001   ; 41 005   ;4;5;90;-26;116;2;104;0;0;10;106; 41 005   ; 41 009   ;4;6;90;3;90;8;79;0;0;0;8;206;10;183;0.051813472;193
1103;3B;3;7;F2;O;F;F2_7_O;F2_7_O_J2;AT1_562;AT2_517; 40 948   ;39;66;AT1_562;99; 40 996   ;AT1;non; 41 001   ; 41 005   ;4;2;87;9;87;0;16;0;62;0;16; 41 005   ; 41 009   ;4;4;120;37;120;0;58;0;25;0;8;207;0;74;0;74
1104;3B;3;7;F2;O;F;F2_7_O;F2_7_O_J2;AT1_562;AT2_517; 40 948   ;39;99;AT2_517;66; 40 996   ;AT2;non; 41 001   ; 41 005   ;4;4;82;0;82;0;54;0;25;3;54; 41 005   ; 41 009   ;4;6;87;7;87;0;59;0;19;2;8;169;0;113;0;113
1109;3B;3;18;F2;O;F;F2_18_O;F2_18_O_K2;AT1_507;AT2_539; 40 948   ;47;61;AT1_507;72; 40 996   ;AT1;non; 41 001   ; 41 005   ;4;2;56;26;56;0;11;0;15;4;11; 41 005   ; 41 009   ;4;4;66;23;66;6;31;0;6;0;8;122;6;42;0.125;48
1110;3B;3;18;F2;O;F;F2_18_O;F2_18_O_K2;AT1_507;AT2_539; 40 948   ;47;72;AT2_539;61; 40 996   ;AT2;non; 41 001   ; 41 005   ;4;2;40;13;40;0;8;0;0;19;8; 41 005   ; 41 009   ;4;5;73;12;73;5;27;0;7;22;8;113;5;35;0.125;40
1121;3B;3;7;F2;O;F;F2_7_O;F2_7_O_K3;AT1_519;AT2_538; 40 948   ;35;50;AT1_519;70; 40 996   ;AT1;non; 41 001   ; 41 005   ;4;2;54;-26;80;0;27;0;6;47;27; 41 005   ; 41 009   ;4;3;71;-10;81;0;0;0;26;55;8;161;0;27;0;27
1122;3B;3;7;F2;O;F;F2_7_O;F2_7_O_K3;AT1_519;AT2_538; 40 948   ;35;70;AT2_538;50; 40 996   ;AT2;non; 41 001   ; 41 005   ;4;4;106;10;106;0;21;0;38;37;21; 41 005   ; 41 009   ;4;4;82;14;82;0;60;0;7;1;8;188;0;81;0;81
1154;3B;3;12;M2;O;M;M2_12_O;M2_12_O_J3;AT1_552;AT2_550; 40 948   ;40;33;AT1_552;75; 40 996   ;AT1;non; 41 001   ; 41 005   ;4;1;29;-26;55;17;18;1;2;17;35; 41 005   ; 41 009   ;4;3;77;-5;82;45;37;0;0;0;8;137;62;55;0.52991453;117
1155;3B;3;12;M2;O;M;M2_12_O;M2_12_O_J3;AT1_552;AT2_550; 40 948   ;40;75;AT2_550;33; 40 996   ;AT2;non; 41 001   ; 41 005   ;4;1;28;4;28;18;3;0;0;3;21; 41 005   ; 41 009   ;4;3;47;8;47;25;0;14;0;0;8;75;43;3;0.934782609;46
1160;3B;3;22;M2;O;M;M2_22_O;M2_22_O_J3;AT1_545;AT2_512; 40 948   ;35;64;AT1_545;59; 40 996   ;AT1;non; 41 001   ; 41 005   ;4;2;42;4;42;16;20;0;0;2;36; 41 005   ; 41 009   ;4;2;56;1;56;0;0;0;0;55;8;98;16;20;0.444444444;36
1161;3B;3;22;M2;O;M;M2_22_O;M2_22_O_J3;AT1_545;AT2_512; 40 948   ;35;59;AT2_512;64; 40 996   ;AT2;non; 41 001   ; 41 005   ;4;5;86;15;86;9;57;0;0;5;66; 41 005   ; 41 009   ;4;3;77;10;77;3;10;2;52;0;8;163;12;67;0.151898734;79
1175;3B;3;23;F2;O;F;F2_23_O;F2_23_O_J3;AT1_537;AT2_501; 40 948   ;0;60;AT1_537;94; 40 996   ;AT1;non; 41 001   ; 41 005   ;4;1;46;7;46;7;7;13;10;2;14; 41 005   ; 41 009   ;4;4;79;34;79;26;12;5;2;0;8;125;33;19;0.634615385;52
1176;3B;3;23;F2;O;F;F2_23_O;F2_23_O_J3;AT1_537;AT2_501; 40 948   ;0;94;AT2_501;60; 40 996   ;AT2;non; 41 001   ; 41 005   ;4;4;57;14;57;4;27;0;8;4;31; 41 005   ; 41 009   ;4;2;38;-4;42;4;11;0;5;22;8;99;8;38;0.173913043;46
1184;3B;3;23;F1;O;F;F1_23_O;F1_23_O_J3;AT1_540;AT2_504; 40 948   ;42;69;AT1_540;98; 40 996   ;AT1;non; 41 001   ; 41 005   ;4;4;98;-25;123;0;107;0;16;0;107; 41 005   ; 41 009   ;4;3;68;38;68;0;23;0;7;0;8;191;0;130;0;130
1185;3B;3;23;F1;O;F;F1_23_O;F1_23_O_J3;AT1_540;AT2_504; 40 948   ;42;98;AT2_504;69; 40 996   ;AT2;non; 41 001   ; 41 005   ;4;3;51;-6;57;0;53;0;3;1;53; 41 005   ; 41 009   ;4;4;80;11;80;0;56;0;5;8;8;137;0;109;0;109
1187;3B;3;21;F1;O;F;F1_21_O;F1_21_O_J3;AT1_541;AT2_505; 40 948   ;28;64;AT1_541;74; 40 996   ;AT1;non; 41 001   ; 41 005   ;4;1;31;-14;45;0;0;0;0;45;0; 41 005   ; 41 009   ;4;3;80;9;80;26;17;6;15;7;8;125;26;17;0.604651163;43
1188;3B;3;21;F1;O;F;F1_21_O;F1_21_O_J3;AT1_541;AT2_505; 40 948   ;28;74;AT2_505;64; 40 996   ;AT2;non; 41 001   ; 41 005   ;4;3;43;7;43;0;19;0;0;17;19; 41 005   ; 41 009   ;4;3;54;14;54;0;27;2;3;8;8;97;0;46;0;46
1193;3B;3;24;M1;O;M;M1_24_O;M1_24_O_J3;AT1_532;AT2_510; 40 948   ;45;76;AT1_532;77; 40 996   ;AT1;non; 41 001   ; 41 005   ;4;1;46;17;46;28;1;0;0;0;29; 41 005   ; 41 009   ;4;4;93;24;93;50;9;6;3;1;8;139;78;10;0.886363636;88
1194;3B;3;24;M1;O;M;M1_24_O;M1_24_O_J3;AT1_532;AT2_510; 40 948   ;45;77;AT2_510;76; 40 996   ;AT2;non; 41 001   ; 41 005   ;4;2;51;-12;63;12;15;8;23;5;27; 41 005   ; 41 009   ;4;5;86;-3;89;3;20;12;51;3;8;152;15;35;0.3;50
1205;3B;3;23;M2;O;M;M2_23_O;M2_23_O_J3;AT1_516;AT2_543; 40 948   ;76;85;AT1_516;71; 40 996   ;AT1;non; 41 001   ; 41 005   ;4;0;0;0;0;0;0;0;0;0;0; 41 005   ; 41 009   ;4;0;0;0;0;0;0;0;0;0;8;0;0;0;;0
1206;3B;3;23;M2;O;M;M2_23_O;M2_23_O_J3;AT1_516;AT2_543; 40 948   ;76;71;AT2_543;85; 40 996   ;AT2;non; 41 001   ; 41 005   ;4;2;36;6;36;0;26;0;0;4;26; 41 005   ; 41 009   ;4;3;41;13;41;0;27;0;0;1;8;77;0;53;0;53
1208;3B;3;20;F2;O;F;F2_20_O;F2_20_O_J3;AT1_517;AT2_544; 40 948   ;18;33;AT1_517;71; 40 996   ;AT1;non; 41 001   ; 41 005   ;4;1;41;6;41;0;32;0;3;0;32; 41 005   ; 41 009   ;4;2;58;5;58;0;51;0;2;0;8;99;0;83;0;83
1209;3B;3;20;F2;O;F;F2_20_O;F2_20_O_J3;AT1_517;AT2_544; 40 948   ;18;71;AT2_544;33; 40 996   ;AT2;non; 41 001   ; 41 005   ;4;2;65;14;65;0;48;0;3;0;48; 41 005   ; 41 009   ;4;4;115;44;115;1;0;0;70;0;8;180;1;48;0.020408163;49
1211;3B;3;20;F2;O;F;F2_20_O;F2_20_O_K3;AT1_518;AT2_536; 40 948   ;46;35;AT1_518;70; 40 996   ;AT1;non; 41 001   ; 41 005   ;4;1;27;-2;29;0;2;0;16;11;2; 41 005   ; 41 009   ;4;4;62;1;62;0;37;0;15;9;8;91;0;39;0;39
1212;3B;3;20;F2;O;F;F2_20_O;F2_20_O_K3;AT1_518;AT2_536; 40 948   ;46;70;AT2_536;35; 40 996   ;AT2;non; 41 001   ; 41 005   ;4;4;70;16;70;0;26;0;28;0;26; 41 005   ; 41 009   ;4;6;79;-13;92;0;70;0;3;19;8;162;0;96;0;96
1229;3B;3;7;F2;O;F;F2_7_O;F2_7_O_J1;AT1_513;AT2_532; 40 948   ;42;35;AT1_513;78; 40 996   ;AT1;non; 41 001   ; 41 005   ;4;0;0;0;0;0;0;0;0;0;0; 41 005   ; 41 009   ;4;6;84;61;84;0;0;0;18;5;8;84;0;0;;0
1230;3B;3;7;F2;O;F;F2_7_O;F2_7_O_J1;AT1_513;AT2_532; 40 948   ;42;78;AT2_532;35; 40 996   ;AT2;non; 41 001   ; 41 005   ;4;3;59;6;59;0;42;0;5;6;42; 41 005   ; 41 009   ;4;6;76;8;76;0;57;0;11;0;8;135;0;99;0;99
