bloc;blocsimple;observer;linetype;line;traitement;nomfocal;mate1R;mate2W;dureepositionmaleavecfocal;duree_positionfemellefocalavecmate1;duree_positionfemellefocalavecmate2;dureepositionmaleavecmate1;dureepositionmaleavecmate2;nbcopavecfocal;nbcopavecmate1;nbcopavecmate2;dureecopmaleavecfocal;dureecopmaleavecmate1;dureecopmaleavecmate2;dureecoppluspositionsurfocal;dureecoppluspositionsurmate1;dureecoppluspositionsurmate2;MASSEPARTENAIRE1;MASSEPARTENAIRE2;massefocal;nbpartenairefemelledufocal;nbpartenairemaledufocal;femcoptime;malcoptime;totfemtime;totmaletime;femalecops;malecops;totalobservedtime
3a;3;PD;F;F1;O;F112OI3;T1_417;T2_432;0;0;0;0;0;0;0;0;0;0;0;0;0;0;78;41;17;0;0;0;0;0;0;0;0;2700
1b;1;TJ;F;F1;O;F113OB;T1_115;T2_145;0;0;460;0;364;0;0;0;0;0;0;0;0;0;79;77;81;0;2;1099;0;1559;0;2;0;2700
2a;2;TJ;F;F1;O;F113OE2;T1_264;T2_231;0;13;0;385;0;0;1;0;0;464;0;0;849;0;43;30;49;1;0;0;464;13;849;0;1;2700
2a;2;PD;F;F1;O;F113OF2;T1_208;T2_232;0;0;515;566;0;0;1;0;0;504;0;0;1070;0;58;34;31;1;0;0;504;515;1070;0;1;2700
3a;3;PD;F;F1;O;F113OJ3;T1_427;T2_438;0;0;0;422;0;0;1;0;0;174;0;0;596;0;46;38;21;1;0;0;174;0;596;0;1;2700
1b;1;TJ;F;F1;O;F114OC1;T1_95;T1_107;0;253;0;0;0;0;0;0;0;0;0;0;0;0;64;56;45;0;1;224;0;477;0;1;0;2700
1b;1;TJ;F;F1;O;F114OC2;T1_116;T2_147;0;54;106;228;0;0;1;0;0;443;0;0;671;0;62;59;45;1;1;270;443;430;671;1;1;2700
1b;1;PD;F;F1;O;F115OC;T1_135;T2_96;0;0;0;0;276;0;0;1;0;0;467;0;0;743;56;68;65;1;0;0;467;0;743;0;1;2700
2a;2;TJ;F;F1;O;F115OE3;T1_262;T2_229;0;0;129;0;10;0;0;0;0;0;0;0;0;10;68;32;53;0;0;0;0;129;10;0;0;2700
2a;2;YC;F;F1;O;F115OF2;T1_214;T2_261;0;0;225;0;81;0;0;1;0;0;1534;0;0;1615;45;47;24;1;0;0;1534;225;1615;0;1;2700
2a;2;PD;F;F1;O;F115OH2;T1_224;T2_247;0;79;0;557;0;0;1;0;0;837;0;0;1394;0;40;73;46;1;0;0;837;79;1394;0;1;2700
3b;3;TJ;F;F1;O;F121OJ3;T1_541;T2_505;0;0;0;328;378;0;1;1;0;241;769;0;569;1147;74;64;28;2;0;0;1010;0;1716;0;2;2700
2b;2;PD;F;F1;O;F122OG3;T1_301;T2_282;0;0;0;187;0;0;2;0;0;750;0;0;937;0;69;42;59;1;0;0;750;0;937;0;2;2700
2b;2;YC;F;F1;O;F122OH3;T1_314;T2_299;0;0;0;0;242;0;0;1;0;0;349;0;0;591;34;41;35;1;0;0;349;0;591;0;1;2700
3a;3;PD;F;F1;O;F122OI3;T1_416;T2_428;0;347;110;0;447;0;0;2;0;0;767;0;0;1214;46;41;35;1;2;378;767;835;1214;2;2;2700
3a;3;TJ;F;F1;O;F123OI;T1_412;T2_403;0;297;0;189;0;0;1;0;0;190;0;0;379;0;72;71;14;1;0;0;190;297;379;0;1;2700
3b;3;TJ;F;F1;O;F123OJ3;T1_540;T2_504;0;0;272;452;0;0;1;0;0;213;0;0;665;0;98;69;42;1;0;0;213;272;665;0;1;2700
3a;3;TJ;F;F1;O;F125OI3;T1_436;T2_423;0;0;186;143;697;0;0;1;0;0;159;0;143;856;70;62;41;1;0;0;159;186;999;0;1;2700
2b;2;PD;F;F2;O;F217OE2;T1_328;T2_295;0;223;0;0;9;0;0;0;0;0;0;0;0;9;50;34;33;0;1;612;0;835;9;1;0;2700
3a;3;TJ;F;F2;O;F218OI2;T1_447;T2_445;0;178;240;619;0;0;1;0;0;33;0;0;652;0;50;29;20;1;0;0;33;418;652;0;1;2700
3b;3;YC;F;F2;O;F218OK2;T1_507;T2_539;0;0;0;0;0;0;0;0;0;0;0;0;0;0;72;61;47;0;0;0;0;0;0;0;0;2700
2b;2;PD;F;F2;O;F219OF2;T1_322;T2_276;0;0;0;0;197;0;0;0;0;0;0;0;0;197;62;60;21;0;1;1215;0;1215;197;1;0;2700
3b;3;TJ;F;F2;O;F220OJ3;T1_517;T2_544;0;393;416;0;216;0;0;1;0;0;167;0;0;383;71;33;18;1;1;246;167;1055;383;1;1;2700
3b;3;TJ;F;F2;O;F220OK3;T1_518;T2_536;0;482;274;0;114;0;0;1;0;0;402;0;0;516;70;35;46;1;2;639;402;1395;516;2;1;2700
2b;2;PD;F;F1;O;F122OF3;T1_323;T2_285;0;214;321;431;6;0;2;0;0;598;0;0;1029;6;61;43;54;1;2;918;598;1453;1035;3;2;2700
3b;3;TJ;F;F2;O;F223OJ3;T1_537;T2_501;0;36;0;214;82;0;0;1;0;0;566;0;214;648;94;60;0;1;1;185;566;221;862;1;1;2700
1b;1;TJ;F;F2;O;F27OC2;T1_82;T2_66;0;0;334;0;0;0;0;0;0;0;0;0;0;0;48;36;27;0;1;72;0;406;0;1;0;2700
2b;2;PD;F;F2;O;F27OG2;T1_300;T2_281;0;0;238;0;0;0;0;0;0;0;0;0;0;0;46;59;48;0;2;601;0;839;0;2;0;2700
3b;3;TJ;F;F2;O;F27OJ1;T1_513;T2_532;0;1035;322;0;244;0;0;0;0;0;0;0;0;244;78;35;42;0;2;654;0;2011;244;2;0;2700
3b;3;YC;F;F2;O;F27OJ2;T1_562;T2_517;0;0;0;0;0;0;0;0;0;0;0;0;0;0;99;66;39;0;0;0;0;0;0;0;0;2700
3b;3;YC;F;F2;O;F27OK3;T1_519;T2_538;0;0;0;0;782;0;0;0;0;0;0;0;0;782;70;50;35;0;0;0;0;0;782;0;0;2700
1b;1;TJ;F;F2;O;F28OC1;T1_87;T2_67;0;0;621;0;0;0;0;0;0;0;0;0;0;0;41;72;46;0;1;1309;0;1930;0;1;0;2700
3a;3;TJ;F;F2;O;F28OI2;T1_446;T2_449;0;0;0;0;0;0;0;0;0;0;0;0;0;0;74;40;10;0;0;0;0;0;0;0;0;2700
1b;1;TJ;F;F2;O;F29OB2;T1_80;T2_64;0;143;403;57;0;0;0;0;0;0;0;0;57;0;64;126;86;0;2;700;0;1246;57;2;0;2700
1b;1;PD;F;F2;O;F29OA1;T1_114;T2_87;0;0;289;475;451;0;0;1;0;0;670;0;475;1121;92;72;89;1;0;0;670;289;1596;0;1;2700
1b;1;PD;F;F2;O;F29OD;T1_79;T2_59;0;5;152;0;79;0;0;0;0;0;0;0;0;79;50;36;63;0;0;0;0;157;79;0;0;2700
2b;2;PD;F;F2;O;F29OF1;T1_293;T2_277;0;240;388;0;0;0;1;0;0;598;0;0;598;0;59;27;44;1;2;757;598;1385;598;2;1;2700
2b;2;PD;F;F2;O;F29OG1;T1_274;T2_318;0;0;0;0;190;0;0;1;0;0;286;0;0;476;59;55;35;1;0;0;286;0;476;0;1;2700
3a;3;TJ;F;F2;O;F29OI3;T1_442;T2_424;0;0;0;0;0;0;0;0;0;0;0;0;0;0;57;48;21;0;0;0;0;0;0;0;0;2700
1b;1;TJ;M;M1;O;M115OB2;T1_60;t2_77;0;0;0;1132;0;0;0;0;0;0;0;0;1132;0;34;28;12;0;0;0;0;0;1132;0;0;2700
1b;1;PD;M;M1;O;M116OB1;T1_127;T1_54;0;0;650;0;133;0;0;1;0;0;344;0;0;477;55;59;90;1;1;1331;344;1981;477;1;1;2700
1b;1;YC;M;M1;O;M116OC;T1_120;T2_99;0;612;0;0;261;0;0;1;0;0;723;0;0;984;53;41;87;1;1;683;723;1295;984;1;1;2700
3a;3;TJ;M;M1;O;M116OJ2;T1_445;T2_448;0;0;326;521;235;0;1;1;0;285;634;0;806;869;76;73;29;2;1;384;919;710;1675;1;2;2700
2a;2;TJ;M;M1;O;M117OE3;T1_237;T2_241;0;0;178;0;1205;0;0;1;0;0;380;0;0;1585;48;47;55;1;0;0;380;178;1585;0;1;2700
1b;1;PD;M;M1;O;M117OA1;T1_86;T2_93;0;0;0;0;340;0;0;1;0;0;152;0;0;492;67;27;70;1;0;0;152;0;492;0;1;2700
1b;1;TJ;M;M1;O;M118OB1;T1_130;T2_83;0;0;0;235;0;0;1;0;0;332;0;0;567;0;71;43;87;1;0;0;332;0;567;0;1;2700
1b;1;PD;M;M1;O;M118OC2;T1_98;T2_78;0;150;0;418;425;0;0;1;0;0;529;0;418;954;63;41;83;1;0;0;529;150;1372;0;1;2700
2b;2;TJ;M;M1;O;M118OF2;T1_335;T2_315;0;796;0;316;0;0;1;0;0;11;0;0;327;0;61;51;67;1;1;710;11;1506;327;2;1;2700
3a;3;PD;M;M1;O;M118OI2;T1_466;T2_476;0;0;0;77;0;0;0;0;0;0;0;0;77;0;60;48;39;0;1;598;0;598;77;1;0;2700
3a;3;PD;M;M1;O;M123OI3;T1_429;T2_417;0;0;297;0;0;0;0;0;0;0;0;0;0;0;58;70;19;0;0;0;0;297;0;0;0;2700
3b;3;YC;M;M1;O;M124OI3;T1_572;T2_513;0;224;0;1027;0;0;1;0;0;400;0;0;1427;0;0;0;;1;2;998;400;1222;1427;2;1;2700
3b;3;TJ;M;M1;O;M124OJ3;T1_532;T2_510;0;0;0;738;0;0;1;0;0;403;0;0;1141;0;77;76;45;1;0;0;403;0;1141;0;1;2700
3a;3;TJ;M;M1;O;M125OI3;T1_444;T2_447;0;0;0;0;365;0;0;1;0;0;262;0;0;627;55;57;41;1;0;0;262;0;627;0;1;2700
1b;1;TJ;M;M2;O;M212OA;T1_111;T1_41;0;827;1187;0;112;0;0;0;0;0;0;0;0;112;48;53;33;0;1;470;0;2484;112;1;0;2700
1b;1;TJ;M;M2;O;M212OB3;T1_117;T2_146;0;369;420;0;76;0;0;1;0;0;66;0;0;142;68;36;45;1;2;784;66;1573;142;2;1;2700
3b;3;TJ;M;M2;O;M212OJ3;T1_552;T2_550;0;355;136;167;0;0;1;0;0;564;0;0;731;0;75;33;40;1;2;1051;564;1542;731;2;1;2700
1b;1;PD;M;M2;O;M213OA3;T1_62;T2_71;0;0;0;0;0;0;0;0;0;0;0;0;0;0;51;40;52;0;0;0;0;0;0;0;0;2700
1b;1;TJ;M;M2;O;M213OB1;T1_76;T2_62;0;441;0;0;265;0;0;0;0;0;0;0;0;265;78;24;68;0;1;359;0;800;265;1;0;2700
2b;2;TJ;M;M2;O;M213OF3;T1_297;T2_290;0;691;103;476;354;0;1;1;0;371;450;0;847;804;0;0;;2;1;268;821;1062;1651;1;2;2700
3a;3;TJ;M;M2;O;M214OI3;T1_421;T2_410;0;0;0;868;0;0;0;0;0;0;0;0;868;0;47;37;25;0;0;0;0;0;868;0;0;2700
2a;2;TJ;M;M2;O;M222OE3;T1_218;T2_235;0;734;278;0;80;0;0;1;0;0;102;0;0;182;50;34;30;1;2;825;102;1837;182;2;1;2700
2b;2;YC;M;M2;O;M222OF3;T1_304;T2_296;0;92;0;457;311;0;1;1;0;144;643;0;601;954;63;42;58;2;1;412;787;504;1555;1;2;2700
3a;3;PD;M;M2;O;M222OI3;T1_404;T2_437;0;0;0;495;133;0;1;0;0;418;0;0;913;133;48;27;40;1;1;438;418;438;1046;1;1;2700
3b;3;TJ;M;M2;O;M222OJ3;T1_545;T2_512;0;310;207;725;0;0;1;0;0;441;0;0;1166;0;59;64;35;1;2;1116;441;1633;1166;2;1;2700
2b;2;PD;M;M2;O;M223OF3;T1_316;T2_294;0;0;397;113;0;0;1;0;0;252;0;0;365;0;32;65;68;1;1;712;252;1109;365;1;1;2700
3b;3;TJ;M;M2;O;M223OJ3;T1_516;T2_543;0;498;164;0;617;0;0;1;0;0;156;0;0;773;71;85;76;1;2;461;156;1123;773;2;1;2700
2b;2;TJ;M;M2;O;M224OE3;T1_294;T2_280;0;0;71;0;458;0;0;1;0;0;361;0;0;819;59;68;48;1;0;0;361;71;819;0;1;2700
2b;2;TJ;M;M2;O;M224OF3;T1_339;T2_312;0;0;0;307;0;0;1;0;0;753;0;0;1060;0;40;46;34;1;0;0;753;0;1060;0;1;2700
3a;3;TJ;M;M2;O;M224OI2;T1_426;T2_427;0;0;476;394;0;0;1;0;0;496;0;0;890;0;64;28;22;1;1;658;496;1134;890;1;1;2700
2b;2;TJ;M;M2;O;M226OE3;T1_291;T2_333;0;907;0;0;548;0;0;2;0;0;783;0;0;1331;70;49;51;1;1;304;783;1211;1331;1;2;2700
3a;3;YC;M;M2;O;M226OI2;T1_432;T2_444;0;0;230;0;992;0;0;1;0;0;1153;0;0;2145;63;82;15;1;1;426;1153;656;2145;1;1;2700
2b;2;TJ;M;M2;O;M228OE1;T1_295;T2_289;0;0;1115;1049;0;0;1;0;0;1424;0;0;2473;0;61;35;55;1;1;380;1424;1495;2473;1;1;2700
2b;2;TJ;M;M2;O;M228OE2;T1_296;T2_297;0;393;213;0;294;0;0;1;0;0;337;0;0;631;59;42;65;1;2;915;337;1521;631;2;1;2700
2b;2;PD;M;M2;O;M228OF3;T1_321;T2_305;0;252;176;396;0;0;2;0;0;895;0;0;1291;0;58;68;65;1;2;748;895;1176;1291;2;2;2700
1a;1;TJ;T;T1;O;T11OB3;T1_5;T2_43;0;574;646;0;345;0;0;0;0;0;0;0;0;345;40;45;44;0;2;602;0;1822;345;2;0;2700
1a;1;PD;T;T1;O;T12OA3;T1_37;T2_40;0;0;696;181;0;0;1;0;0;77;0;0;258;0;36;38;56;1;2;810;77;1506;258;2;1;2700
1b;1;PD;T;T1;O;T12OC;T1_93;T2_91;0;150;287;0;0;0;0;0;0;0;0;0;0;0;63;73;60;0;2;1629;0;2066;0;2;0;2700
3a;3;YC;T;T1;O;T12OJ2;T1_478;T2_456;0;0;0;0;0;0;0;0;0;0;0;0;0;0;44;49;28;0;1;490;0;490;0;1;0;2700
3a;3;YC;T;T1;O;T121OJ2;T1_485;T2_402;0;128;0;401;0;0;1;0;0;175;0;0;576;0;67;33;21;1;1;356;175;484;576;1;1;2700
2b;2;TJ;T;T1;O;T122OE3;T1_290;T2_332;0;0;228;515;0;0;0;0;0;0;0;0;515;0;52;48;40;0;1;424;0;652;515;1;0;2700
2b;2;YC;T;T1;O;T122OF2;T1_284;T2_319;0;0;0;0;359;0;0;1;0;0;828;0;0;1187;76;49;18;1;1;67;828;67;1187;1;1;2700
2b;2;TJ;T;T1;O;T122OF3;T1_286;T2_330;0;0;80;0;438;0;0;1;0;0;35;0;0;473;46;30;30;1;0;0;35;80;473;0;1;2700
1b;1;YC;T;T1;O;T123OA2;T1_137;T1_143;0;462;0;0;0;0;0;0;0;0;0;0;0;0;41;27;69;0;1;360;0;822;0;1;0;2700
1b;1;PD;T;T1;O;T123OB;T1_69;T2_75;0;115;0;223;0;0;1;0;0;336;0;0;559;0;63;36;84;1;1;525;336;640;559;1;1;2700
2b;2;PD;T;T1;O;T123OG2;T1_302;T2_278;0;0;0;0;407;0;0;0;0;0;0;0;0;407;46;50;50;0;0;0;0;0;407;0;0;2700
3a;3;YC;T;T1;O;T123OI3;T1_406;T2_489;0;336;0;0;0;0;0;0;0;0;0;0;0;0;85;71;27;0;1;407;0;743;0;1;0;2700
3a;3;YC;T;T1;O;T123OK3;T1_471;T2_463;0;0;0;0;596;0;0;1;0;0;222;0;0;818;73;75;44;1;0;0;222;0;818;0;1;2700
3a;3;PD;T;T1;O;T123OL;T1_454;T2_475;0;37;0;99;216;0;0;1;0;0;377;0;99;593;63;40;27;1;1;456;377;493;692;1;1;2700
1a;1;TJ;T;T1;O;T14OB3;T1_6;T2_42;0;277;0;0;0;0;0;0;0;0;0;0;0;0;29;30;23;0;1;384;0;661;0;1;0;2700
1b;1;PD;T;T1;O;T14OC;T1_139;T2_97;0;143;8;290;0;0;1;0;0;309;0;0;599;0;50;54;70;1;0;0;309;151;599;0;1;2700
3b;3;TJ;T;T1;O;T14OJ2;T1_514;T2_533;0;0;224;94;100;0;0;1;0;0;571;0;94;671;65;45;46;1;1;1131;571;1355;765;2;1;2700
1b;1;PD;T;T1;O;T15OC1;T1_138;T1_129;0;0;630;0;250;0;0;2;0;0;298;0;0;548;23;49;75;1;0;0;298;630;548;0;2;2700
2b;2;PD;T;T1;O;T15OF3;T1_288;T2_271;0;197;0;544;208;0;1;0;0;403;0;0;947;208;77;34;71;1;1;61;403;258;1155;1;1;2700
3a;3;YC;T;T1;O;T15OI3;T1_430;T2_429;0;0;102;0;0;0;0;0;0;0;0;0;0;0;74;57;41;0;0;0;0;102;0;0;0;2700
3a;3;TJ;T;T1;O;T15OJ3;T1_475;T2_481;0;212;364;120;610;0;0;1;0;0;671;0;120;1281;49;62;30;1;1;555;671;1131;1401;1;1;2700
3a;3;TJ;T;T1;O;T15OK3;T1_482;T2_480;0;0;0;0;0;0;0;0;0;0;0;0;0;0;78;56;9;0;0;0;0;0;0;0;0;2700
2a;2;PD;T;T2;O;T219OE3;T1_207;T2_258;0;0;147;0;0;0;0;0;0;0;0;0;0;0;39;54;34;0;1;573;0;720;0;1;0;2700
2b;2;TJ;T;T2;O;T219OH3;T1_289;T2_331;0;431;0;0;99;0;0;0;0;0;0;0;0;99;52;43;60;0;1;407;0;838;99;1;0;2700
3a;3;PD;T;T2;O;T219OI3;T1_409;T2_411;0;44;584;0;44;0;0;0;0;0;0;0;0;44;75;30;14;0;1;631;0;1259;44;1;0;2700
2b;2;TJ;T;T2;O;T221OE2;T1_279;T2_324;0;0;0;0;520;0;0;1;0;0;514;0;0;1034;58;63;20;1;0;0;514;0;1034;0;1;2700
2b;2;PD;T;T2;O;T221OG2;T1_310;T2_292;0;0;224;0;0;0;0;0;0;0;0;0;0;0;56;48;13;0;0;0;0;224;0;0;0;2700
1a;1;TJ;T;T2;O;T26OA2;T1_12;T2_41;0;123;0;0;0;0;0;0;0;0;0;0;0;0;42;47;17;0;0;0;0;123;0;0;0;2700
1a;1;TJ;T;T2;O;T26OB3;T1_11;T2_36;0;406;0;354;706;0;1;1;0;410;285;0;764;991;37;35;51;2;1;163;695;569;1755;1;2;2700
1a;1;TJ;T;T2;O;T26OC2;T1_8;T2_38;0;0;255;0;0;0;0;0;0;0;0;0;0;0;44;38;26;0;0;0;0;255;0;0;0;2700
1a;1;TJ;T;T2;O;T27OA3;T1_7;T2_39;0;0;229;138;292;0;0;1;0;0;136;0;138;428;41;42;57;1;1;672;136;901;566;1;1;2700
3a;3;PD;T;T2;O;T2X31OA;T1_410;T2_413;0;0;0;0;132;0;0;1;0;0;519;0;0;651;62;47;43;1;1;221;519;221;651;1;1;2700
3a;3;YC;T;T2;O;T2X32OA;T1_425;T2_439;0;478;350;0;0;0;0;0;0;0;0;0;0;0;61;47;66;0;1;903;0;1731;0;1;0;2700
3a;3;PD;T;T2;O;T2X34OA;T1_419;T2_419;0;0;0;100;449;0;1;0;0;517;0;0;617;449;37;42;43;1;0;0;517;0;1066;0;1;2700
3a;3;TJ;T;T2;O;T2X35OA;T1_451;T2_465;0;696;344;44;55;0;0;0;0;0;0;0;44;55;62;59;80;0;2;476;0;1516;99;2;0;2700
3a;3;TJ;T;T2;O;T2X36OA;T1_413;T2_404;0;375;1389;123;0;0;1;0;0;376;0;0;499;0;75;34;77;1;0;0;376;1764;499;0;1;2700
3a;3;TJ;T;T2;O;T2X37OA;T1_459;T2_464;0;218;349;6;0;0;1;0;0;398;0;0;404;0;59;34;71;1;1;664;398;1231;404;1;1;2700
3a;3;PD;T;T2;O;T2X38OA;T1_435;T2_442;0;143;159;829;894;0;1;0;0;171;0;0;1000;894;80;30;57;1;2;352;171;654;1894;2;1;2700
3a;3;TJ;T;T2;O;T2X39OA;T1_420;T2_409;0;424;0;866;0;0;1;0;0;496;0;0;1362;0;60;28;55;1;0;0;496;424;1362;0;1;2700
3a;3;YC;T;T2;O;T2X41OA;T1_491;T2_479;0;75;308;0;0;0;0;1;0;0;822;0;0;822;67;40;70;1;1;1359;822;1742;822;2;1;2700
3a;3;PD;T;T2;O;T2X42OA;T1_461;T2_460;0;910;110;649;0;0;1;0;0;773;0;0;1422;0;62;76;42;1;1;165;773;1185;1422;1;1;2700
3a;3;PD;T;T2;O;T2X43OA;T1_460;T2_461;0;954;116;0;337;0;0;1;0;0;259;0;0;596;35;46;72;1;1;125;259;1195;596;1;1;2700
3a;3;PD;T;T2;O;T2X44OA;T1_468;T2_454;0;877;0;122;712;0;0;0;0;0;0;0;122;712;84;52;44;0;1;297;0;1174;834;1;0;2700
