BLOC;blocsimple;lignée;réplicat;Traitement_focal;ID_focal;famille;partenaire1;partenaire2; date_naiss_focal ;masse_avant_repro(MG); date_pesée_avt_repro ;focaldejapondeur; date_pontes_1 ; date_fin_ponte_1 ;nbjoursponte1;nb_pontes_1;nb_oeufs_1;diffpontesurvies1;oeufscorrigés1;[P]1;[A]1;NE[P]1;NE[A]1;NE[ ?]1;surv1P+A; date_pontes_2 ; date_fin_de_ponte_2 ;jours2;nb_pontes_2;nb_oeufs_2;diffpontesurvies2;oeufcorrigésperiode2;[P]2;[A]2;NE[P]2;NE[A]2;NE[ ?]2;survP+A_2;masse_fin_(mg); date_fin_(mg) ;joursdepontetotal;oeufsmaterneltotalcorrigé;survivantsPmèretotal;survies
1B;1;F;F2;O;F2_7_O_C2;F2_7_O;AT1_82;AT2_66; 40 934   ;27; 40 980   ;0; 40 984   ; 40 989   ;5;1;18;7;18;8;0;0;0;3;8; 40 989   ; 40 991   ;2;1;20;4;20;12;0;2;0;2;12;48; 40 991   ;7;38;20;0.526315789
1B;1;F;F2;O;F2_7_O_D;F2_7_O;AT1_73;AT2_68; 40 934   ;106; 40 980   ;0; 40 984   ; 40 989   ;5;1;44;1;44;1;0;0;0;42;1; 40 989   ; 40 991   ;2;1;46;8;46;4;0;11;0;23;4;121; 40 991   ;7;90;5;0.055555556
1B;1;F;F2;O;F2_8_O_C1;F2_8_O;AT1_87;AT2_67; 40 934   ;46; 40 980   ;0; 40 984   ; 40 989   ;5;3;0;0;0;0;0;0;0;0;0; 40 989   ; 40 991   ;2;2;0;-1;1;1;0;0;0;0;1;50; 40 991   ;7;1;1;1
1B;1;F;F2;O;F2_9_O_B2;F2_9_O;AT1_80;AT2_64; 40 934   ;86; 40 980   ;0; 40 984   ; 40 989   ;5;2;52;9;52;28;0;9;0;6;28; 40 989   ; 40 991   ;2;1;19;5;19;13;0;1;0;0;13;101; 40 991   ;7;71;41;0.577464789
1B;1;F;F2;O;F2_9_O_D;F2_9_O;AT1_79;AT2_59; 40 934   ;63; 40 980   ;0; 40 984   ; 40 989   ;5;4;73;5;73;61;0;3;0;4;61; 40 989   ; 40 991   ;2;3;61;50;61;8;0;0;0;3;8;78; 40 991   ;7;134;69;0.514925373
1B;1;F;F2;O;F2_9_O_A1;F2_9_O;AT1_114;AT2_87; 40 934   ;89; 40 980   ;0; 40 984   ; 40 989   ;5;2;30;2;30;21;0;4;0;3;21; 40 989   ; 40 991   ;2;1;29;10;29;1;0;11;0;7;1;97; 40 991   ;7;59;22;0.372881356
1B;1;F;F1;O;F1_12_O_C;F1_12_O;AT1_90;AT2_101; 40 934   ;75; 40 980   ;0; 40 984   ; 40 989   ;5;6;91;24;91;1;0;5;0;61;1; 40 989   ; 40 991   ;2;2;47;4;47;0;0;4;0;39;0;79; 40 991   ;7;138;1;0.007246377
1B;1;F;F1;O;F1_14_O_C1;F1_14_O;AT1_95;AT1_107; 40 934   ;45; 40 980   ;1; 40 984   ; 40 989   ;5;0;0;-14;14;0;0;0;0;14;0; 40 989   ; 40 991   ;2;1;28;28;28;0;0;0;0;0;0;42; 40 991   ;7;42;0;0
1B;1;F;F1;O;F1_14_O_C2;F1_14_O;AT1_116;AT1_147; 40 934   ;45; 40 980   ;0; 40 984   ; 40 989   ;5;4;48;6;48;40;0;0;0;2;40; 40 989   ; 40 991   ;2;4;55;24;55;11;0;10;0;10;11;59; 40 991   ;7;103;51;0.495145631
1B;1;F;F1;O;F1_13_O_B;F1_13_O;AT1_115;AT1_145; 40 934   ;81; 40 980   ;0; 40 984   ; 40 989   ;5;5;55;4;55;50;0;1;0;0;50; 40 989   ; 40 991   ;2;0;0;0;0;0;0;0;0;0;0;91; 40 991   ;7;55;50;0.909090909
1B;1;F;F1;O;F1_15_O_C;F1_15_O;AT1_135;AT2_96; 40 934   ;65; 40 980   ;0; 40 984   ; 40 989   ;5;4;30;18;30;3;1;5;0;3;4; 40 989   ; 40 991   ;2;1;15;1;15;3;0;6;0;5;3;86; 40 991   ;7;45;6;0.133333333
1B;1;F;F1;O;F1_15_O_B3;F1_15_O;AT1_88;AT1_103; 40 934   ;56; 40 980   ;0; 40 984   ; 40 989   ;5;2;33;-2;35;34;0;0;0;1;34; 40 989   ; 40 991   ;2;2;29;10;29;12;0;4;0;3;12;68; 40 991   ;7;64;46;0.71875
2A;2;F;F1;O;F1_15_O_H2;F1_15_O;AT1_224;AT2_247; 40 938   ;46; 40 987   ;0; 40 991   ; 40 995   ;4;4;46;15;46;7;0;14;0;10;7;;;;;;;;;;;;;;73; 40 995   ;4;46;7;0.152173913
2A;2;F;F1;O;F1_13_O_F2;F1_13_O;AT1_208;AT2_232; 40 938   ;31; 40 987   ;0; 40 991   ; 40 995   ;4;3;31;-2;33;11;5;7;0;10;16;;;;;;;;;;;;;;52; 40 995   ;4;33;11;0.333333333
2A;2;F;F1;O;F1_15_O_E3;F1_15_O;AT1_262;AT2_229; 40 938   ;53; 40 987   ;0; 40 991   ; 40 995   ;4;4;68;-4;72;58;0;10;0;4;58;;;;;;;;;;;;;;76; 40 995   ;4;72;58;0.805555556
2A;2;F;F1;O;F1_13_O_E2;F1_13_O;AT1_264;AT2_231; 40 938   ;49; 40 987   ;0; 40 991   ; 40 995   ;4;5;73;9;73;63;0;1;0;0;63;;;;;;;;;;;;;;69; 40 995   ;4;73;63;0.863013699
2B;2;F;F1;O;F1_22_O_H3;F1_22_O;AT1_314;AT2_299; 40 941   ;35; 40 989   ;0; 40 994   ; 41 001   ;7;1;18;0;18;18;0;0;0;0;18; 41 001   ; 41 004   ;3;0;0;0;0;0;0;0;0;0;0;MORT; 41 004   ;10;18;18;1
2B;2;F;F1;O;F1_22_O_F3;F1_22_O;AT1_323;AT2_285; 40 941   ;54; 40 989   ;0; 40 994   ; 41 001   ;7;5;73;-14;87;62;0;6;0;19;62; 41 001   ; 41 004   ;3;2;42;11;42;22;0;4;0;5;22;64; 41 004   ;10;129;84;0.651162791
2B;2;F;F2;O;F2_19_O_F2;F2_19_O;AT1_322;AT2_276; 40 941   ;21; 40 989   ;0; 40 994   ; 41 001   ;7;2;33;4;33;11;0;0;0;18;11; 41 001   ; 41 004   ;3;1;31;0;31;14;0;5;0;12;14;42; 41 004   ;10;64;25;0.390625
2B;2;F;F2;O;F2_17_O_E2;F2_17_O;AT1_328;AT2_295; 40 941   ;33; 40 989   ;0; 40 994   ; 41 001   ;7;4;39;13;39;21;0;2;0;3;21; 41 001   ; 41 004   ;3;4;37;2;37;32;0;3;0;0;32;49; 41 004   ;10;76;53;0.697368421
2B;2;F;F2;O;F2_7_O_G2;F2_7_O;AT1_300;AT2_281; 40 941   ;48; 40 989   ;0; 40 994   ; 41 001   ;7;0;0;0;0;0;0;0;0;0;0; 41 001   ; 41 004   ;3;1;17;3;17;0;0;3;0;11;0;55; 41 004   ;10;17;0;0
2B;2;F;F1;O;F1_22_O_G3;F1_22_O;AT1_301;AT2_282; 40 941   ;59; 40 989   ;0; 40 994   ; 41 001   ;7;5;96;2;96;70;0;0;0;24;70; 41 001   ; 41 004   ;3;1;28;16;28;12;0;0;0;0;12;70; 41 004   ;10;124;82;0.661290323
2B;2;F;F2;O;F2_9_O_F1;F2_9_O;AT1_293;AT2_277; 40 941   ;44; 40 989   ;0; 40 994   ; 41 001   ;7;3;45;2;45;22;0;3;0;18;22; 41 001   ; 41 004   ;3;1;21;14;21;0;0;6;0;1;0;50; 41 004   ;10;66;22;0.333333333
2B;2;F;F2;O;F2_9_O_G1;F2_9_O;AT1_274;AT2_318; 40 941   ;35; 40 989   ;0; 40 994   ; 41 001   ;7;5;52;25;52;25;0;0;0;2;25; 41 001   ; 41 004   ;3;2;40;-3;43;38;0;2;0;3;38;45; 41 004   ;10;95;63;0.663157895
2B;2;F;F1;O;F1_22_O_E2;F1_22_O;AT1_331;AT2_308; 40 941   ;42; 40 989   ;;;;;;;;;;;;;;;;;;;;;;;;;;;;;;0;0;0;
2B;2;F;F2;O;F2_19_O_G2;F2_19_O;AT1_324;AT2_301; 40 941   ;30; 40 989   ;0; 40 994   ; 41 001   ;7;3;47;10;47;21;0;9;0;7;21; 41 001   ; 41 004   ;3;1;17;-12;29;21;0;2;0;6;21;44; 41 004   ;10;76;42;0.552631579
2A;2;F;F1;O;F1_15_O_F2;F1_15_O;AT1_214;AT2_261; 40 938   ;24; 40 987   ;0; 40 991   ; 40 995   ;4;4;65;6;65;52;0;6;0;1;52;;;0;;;0;;;;;;;0;50; 40 995   ;4;65;52;0.8
3A;3;F;F1;O;F1_13_O_J3;F1_13_O;AT1_427;AT2_438; 40 945   ;21; 40 994   ;0; 40 998   ; 41 002   ;4;0;0;0;0;0;0;0;0;0;0; 41 002   ; 41 005   ;3;0;0;0;0;0;0;0;0;0;0;30; 41 005   ;7;0;0;
3A;3;F;F1;O;F1_12_O_I3;F1_12_O;AT1_417;AT2_432; 40 945   ;17; 40 994   ;;;;;;;;;;;;;;;;;;;;;;;;;;;;;;0;0;0;
3A;3;F;F1;O;F1_22_O_I3;F1_22_O;AT1_416;AT2_428; 40 945   ;35; 40 994   ;0; 40 998   ; 41 002   ;4;0;0;0;0;0;0;0;0;0;0; 41 002   ; 41 005   ;3;0;0;0;0;0;0;0;0;0;0;MORT; 41 005   ;7;0;0;
3A;3;F;F2;O;F2_8_O_I2;F2_8_O;AT1_446;AT2_449; 40 945   ;10; 40 994   ;0; 40 998   ; 41 002   ;4;0;0;0;0;0;0;0;0;0;0; 41 002   ; 41 005   ;3;0;0;0;0;0;0;0;0;0;0;52; 41 005   ;7;0;0;
3A;3;F;F2;O;F2_18_O_I2;F2_18_O;AT1_447;AT2_445; 40 945   ;20; 40 994   ;0; 40 998   ; 41 002   ;4;0;0;0;0;0;0;0;0;0;0; 41 002   ; 41 005   ;3;3;38;4;38;20;0;1;0;13;20;35; 41 005   ;7;38;20;0.526315789
3A;3;F;F1;O;F1_25_O_I3;F1_25_O;AT1_436;AT2_423; 40 945   ;41; 40 994   ;0; 40 998   ; 41 002   ;4;2;35;4;35;19;0;1;0;11;19; 41 002   ; 41 005   ;3;3;46;9;46;33;0;0;0;4;33;50; 41 005   ;7;81;52;0.641975309
3A;3;F;F2;O;F2_9_O_I3;F2_9_O;AT1_442;AT2_424; 40 945   ;21; 40 994   ;0; 40 998   ; 41 002   ;4;1;15;4;15;10;0;1;0;0;10; 41 002   ; 41 005   ;3;2;37;7;37;27;0;2;0;1;27;34; 41 005   ;7;52;37;0.711538462
3A;3;F;F1;O;F1_23_O_I;F1_23_O;AT1_412;AT2_403; 40 945   ;14; 40 994   ;0; 40 998   ; 41 002   ;4;0;0;0;0;0;0;0;0;0;0; 41 002   ; 41 005   ;3;0;0;0;0;0;0;0;0;0;0;24; 41 005   ;7;0;0;
3A;3;F;F1;O;F1_13_O_I3;F1_13_O;AT1_441;AT2_433; 40 945   ;27; 40 994   ;0; 40 998   ; 41 002   ;4;1;16;0;16;13;0;3;0;0;13; 41 002   ; 41 005   ;3;2;25;4;25;21;0;0;0;0;21;50; 41 005   ;7;41;34;0.829268293
3A;3;F;F1;O;F1_15_O_I3;F1_15_O;AT1_433;AT2_430; 40 945   ;38; 40 994   ;0; 40 998   ; 41 002   ;4;0;0;0;0;0;0;0;0;0;0; 41 002   ; 41 005   ;3;0;0;0;0;0;0;0;0;0;0;MORT; 41 005   ;7;0;0;
3B;3;F;F1;O;F1_15_O_J3;F1_15_O;AT1_542;AT2_559; 40 948   ;46; 40 996   ;0; 41 001   ; 41 005   ;4;2;62;-7;69;37;0;0;0;32;37; 41 005   ; 41 009   ;4;3;42;-37;79;67;0;6;0;6;67;86; 41 009   ;8;148;104;0.702702703
3B;3;F;F2;O;F2_18_O_J2;F2_18_O;AT1_529;AT2_560; 40 948   ;36; 40 996   ;0; 41 001   ; 41 005   ;4;2;33;7;33;21;0;0;0;5;21; 41 005   ; 41 009   ;4;2;25;4;25;19;0;0;0;2;19;55; 41 009   ;8;58;40;0.689655172
3B;3;F;F2;O;F2_7_O_J2;F2_7_O;AT1_562;AT2_517; 40 948   ;39; 40 996   ;0; 41 001   ; 41 005   ;4;1;15;1;15;0;0;0;0;14;0; 41 005   ; 41 009   ;4;5;77;13;77;5;0;45;0;14;5;76; 41 009   ;8;92;5;0.054347826
3B;3;F;F2;O;F2_18_O_K2;F2_18_O;AT1_507;AT2_539; 40 948   ;47; 40 996   ;0; 41 001   ; 41 005   ;4;1;14;1;14;0;0;0;0;13;0; 41 005   ; 41 009   ;4;3;39;3;39;6;0;14;0;16;6;62; 41 009   ;8;53;6;0.113207547
3B;3;F;F2;O;F2_7_O_K3;F2_7_O;AT1_519;AT2_538; 40 948   ;35; 40 996   ;0; 41 001   ; 41 005   ;4;1;18;0;18;0;0;7;0;11;0; 41 005   ; 41 009   ;4;4;35;2;35;0;0;6;0;27;0;51; 41 009   ;8;53;0;0
3B;3;F;F2;O;F2_23_O_J3;F2_23_O;AT1_537;AT2_501; 40 948   ;36; 40 996   ;0; 41 001   ; 41 005   ;4;0;0;0;0;0;0;0;0;0;0; 41 005   ; 41 009   ;4;1;22;-2;24;4;0;0;0;20;4;66; 41 009   ;8;24;4;0.166666667
3B;3;F;F1;O;F1_23_O_J3;F1_23_O;AT1_540;AT2_504; 40 948   ;42; 40 996   ;0; 41 001   ; 41 005   ;4;1;26;-2;28;27;0;0;0;1;27; 41 005   ; 41 009   ;4;2;49;6;49;36;0;6;0;1;36;65; 41 009   ;8;77;63;0.818181818
3B;3;F;F1;O;F1_21_O_J3;F1_21_O;AT1_541;AT2_505; 40 948   ;28; 40 996   ;0; 41 001   ; 41 005   ;4;2;49;-23;72;59;0;0;0;13;59; 41 005   ; 41 009   ;4;3;52;3;52;42;0;3;0;4;42;65; 41 009   ;8;124;101;0.814516129
3B;3;F;F2;O;F2_20_O_J3;F2_20_O;AT1_517;AT2_544; 40 948   ;18; 40 996   ;0; 41 001   ; 41 005   ;4;0;0;0;0;0;0;0;0;0;0; 41 005   ; 41 009   ;4;0;0;0;0;0;0;0;0;0;0;57; 41 009   ;8;0;0;
3B;3;F;F2;O;F2_20_O_K3;F2_20_O;AT1_518;AT2_536; 40 948   ;46; 40 996   ;0; 41 001   ; 41 005   ;4;2;63;0;63;56;0;3;0;4;56; 41 005   ; 41 009   ;4;4;70;6;70;58;0;4;0;2;58;76; 41 009   ;8;133;114;0.857142857
3B;3;F;F2;O;F2_7_O_J1;F2_7_O;AT1_513;AT2_532; 40 948   ;42; 40 996   ;0; 41 001   ; 41 005   ;4;2;48;5;48;17;0;20;0;6;17; 41 005   ; 41 009   ;4;4;67;-6;73;27;0;27;0;19;27;69; 41 009   ;8;121;44;0.363636364
1B;1;M;M1;O;M1_16_O_D2;M1_16_O;AT1_99;AT2_10; 40 934   ;33; 40 980   ;0; 40 984   ; 40 989   ;5;0;0;0;0;0;0;0;0;0;0; 40 989   ; 40 991   ;2;0;0;0;0;0;0;0;0;0;0;55; 40 991   ;7;0;0;
1B;1;M;M1;O;M1_16_O_B1;M1_16_O;AT1_127;AT1_54; 40 934   ;90; 40 980   ;0; 40 984   ; 40 989   ;5;4;70;62;70;8;0;0;0;0;8; 40 989   ; 40 991   ;2;0;0;0;0;0;0;0;0;0;0;103; 40 991   ;7;70;8;0.114285714
1B;1;M;M1;O;M1_16_O_C;M1_16_O;AT1_120;AT2_99; 40 934   ;87; 40 980   ;0; 40 984   ; 40 989   ;5;4;90;25;90;58;0;4;0;3;58; 40 989   ; 40 991   ;2;1;33;5;33;10;0;17;0;1;10;100; 40 991   ;7;123;68;0.552845528
1B;1;M;M1;O;M1_18_O_C2;M1_18_O;AT1_98;AT2_78; 40 934   ;83; 40 980   ;0; 40 984   ; 40 989   ;5;3;54;10;54;44;0;0;0;0;44; 40 989   ; 40 991   ;2;0;0;0;0;0;0;0;0;0;0;95; 40 991   ;7;54;44;0.814814815
1B;1;M;M1;O;M1_18_O_B1;M1_18_O;AT1_130;AT2_83; 40 934   ;87; 40 980   ;0; 40 984   ; 40 989   ;5;3;50;7;50;43;0;0;0;0;43; 40 989   ; 40 991   ;2;1;42;1;42;22;0;19;0;0;22;105; 40 991   ;7;92;65;0.706521739
1B;1;M;M1;O;M1_17_O_B2;M1_17_O;AT1_124;AT1_141; 40 934   ;72; 40 980   ;0; 40 984   ; 40 989   ;5;2;49;1;49;32;0;12;0;4;32; 40 989   ; 40 991   ;2;1;39;5;39;34;0;0;0;0;34;74; 40 991   ;7;88;66;0.75
1B;1;M;M1;O;M1_17_O_A1;M1_17_O;AT1_86;AT2_93; 40 934   ;70; 40 980   ;0; 40 984   ; 40 989   ;5;3;56;4;56;46;0;1;0;5;46; 40 989   ; 40 991   ;2;0;0;0;0;0;0;0;0;0;0;91; 40 991   ;7;56;46;0.821428571
1B;1;M;M1;O;M1_17_O_C;M1_17_O;AT1_126;AT2_98; 40 934   ;57; 40 980   ;0; 40 984   ; 40 989   ;5;4;60;19;60;31;0;0;0;10;31; 40 989   ; 40 991   ;2;3;58;8;58;42;0;1;0;7;42;68; 40 991   ;7;118;73;0.618644068
1B;1;M;M1;O;M1_15_O_B2;M1_15_O;AT1_60;AT2_77; 40 934   ;12; 40 980   ;0; 40 984   ; 40 989   ;5;0;0;-2;2;0;0;0;2;0;0; 40 989   ; 40 991   ;2;0;0;0;0;0;0;0;0;0;0;30; 40 991   ;7;2;0;0
1B;1;M;M2;O;M2_12_O_B3;M2_12_O;AT1_117;AT1_146; 40 934   ;45; 40 980   ;0; 40 984   ; 40 989   ;5;2;48;2;48;45;0;1;0;0;45; 40 989   ; 40 991   ;2;1;14;1;14;6;0;4;0;3;6;63; 40 991   ;7;62;51;0.822580645
1B;1;M;M2;O;M2_13_O_A3;M2_13_O;AT1_62;AT2_71; 40 934   ;52; 40 980   ;0; 40 984   ; 40 989   ;5;2;57;18;57;30;0;9;0;0;30; 40 989   ; 40 991   ;2;1;36;12;36;17;0;2;0;5;17;78; 40 991   ;7;93;47;0.505376344
1B;1;M;M2;O;M2_13_O_B1;M2_13_O;AT1_76;AT2_62; 40 934   ;68; 40 980   ;0; 40 984   ; 40 989   ;5;3;58;39;58;19;0;0;0;0;19; 40 989   ; 40 991   ;2;1;26;1;26;22;0;0;0;3;22;81; 40 991   ;7;84;41;0.488095238
1B;1;M;M2;O;M2_13_O_D;M2_13_O;AT1_96;AT2_100; 40 934   ;60; 40 980   ;0; 40 984   ; 40 989   ;5;0;0;0;0;0;0;0;0;0;0; 40 989   ; 40 991   ;2;0;0;0;0;0;0;0;0;0;0;98; 40 991   ;7;0;0;
1B;1;M;M2;O;M2_12_O_A;M2_12_O;AT1_111;AT1_41; 40 934   ;33; 40 980   ;0; 40 984   ; 40 989   ;5;1;20;6;20;3;0;11;0;0;3; 40 989   ; 40 991   ;2;2;24;7;24;7;0;9;0;1;7;53; 40 991   ;7;44;10;0.227272727
2A;2;M;M1;O;M1_17_O_E3;M1_17_O;AT1_237;AT2_241; 40 938   ;55; 40 987   ;0; 40 991   ; 40 995   ;4;4;78;31;78;35;0;10;0;2;35;;;;;;;;;;;;;;75; 40 995   ;4;78;35;0.448717949
2A;2;M;M2;O;M2_22_O_E3;M2_22_O;AT1_218;AT2_235; 40 938   ;30; 40 987   ;0; 40 991   ; 40 995   ;4;3;58;-1;59;57;0;2;0;0;57;;;;;;;;;;;;;;52; 40 995   ;4;59;57;0.966101695
2B;2;M;M2;O;M2_22_O_F3;M2_22_O;AT1_304;AT2_296; 40 941   ;58; 40 989   ;0; 40 994   ; 41 001   ;7;1;26;0;26;19;0;3;0;4;19; 41 001   ; 41 004   ;3;3;86;9;86;0;0;28;0;49;0;75; 41 004   ;10;112;19;0.169642857
2B;2;M;M2;O;M2_23_O_F3;M2_23_O;AT1_316;AT2_294; 40 941   ;68; 40 989   ;0; 40 994   ; 41 001   ;7;2;15;2;15;11;0;0;0;2;11; 41 001   ; 41 004   ;3;1;6;1;6;3;0;1;0;1;3;124; 41 004   ;10;21;14;0.666666667
2B;2;M;M2;O;M2_28_O_F3;M2_28_O;AT1_321;AT2_305; 40 941   ;65; 40 989   ;0; 40 994   ; 41 001   ;7;1;33;-10;43;43;0;0;0;0;43; 41 001   ; 41 004   ;3;0;0;0;0;0;0;0;0;0;0;79; 41 004   ;10;43;43;1
2B;2;M;M1;O;M1_18_O_F2;M1_18_O;AT1_335;AT2_315; 40 941   ;67; 40 989   ;0; 40 994   ; 41 001   ;7;4;76;12;76;62;0;2;0;0;62; 41 001   ; 41 004   ;3;3;50;5;50;0;0;17;0;28;0;85; 41 004   ;10;126;62;0.492063492
2B;2;M;M2;O;M2_24_O_F3;M2_24_O;AT1_339;AT2_312; 40 941   ;34; 40 989   ;0; 40 994   ; 41 001   ;7;4;92;36;92;52;0;0;0;4;52; 41 001   ; 41 004   ;3;2;66;-1;67;17;0;41;0;9;17;76; 41 004   ;10;159;69;0.433962264
2B;2;M;M2;O;M2_24_O_E3;M2_24_O;AT1_294;AT2_280; 40 941   ;48; 40 989   ;0; 40 994   ; 41 001   ;7;4;119;2;119;115;0;2;0;0;115; 41 001   ; 41 004   ;3;2;78;14;78;11;0;51;0;2;11;66; 41 004   ;10;197;126;0.639593909
2B;2;M;M2;O;M2_28_O_E1;M2_28_O;AT1_295;AT2_289; 40 941   ;55; 40 989   ;0; 40 994   ; 41 001   ;7;3;72;16;72;37;0;18;0;1;37; 41 001   ; 41 004   ;3;1;23;1;23;0;0;0;0;22;0;69; 41 004   ;10;95;37;0.389473684
2B;2;M;M2;O;M2_28_O_E2;M2_28_O;AT1_296;AT2_297; 40 941   ;65; 40 989   ;0; 40 994   ; 41 001   ;7;3;89;3;89;51;0;35;0;0;51; 41 001   ; 41 004   ;3;1;34;4;34;7;0;0;0;23;7;67; 41 004   ;10;123;58;0.471544715
2B;2;M;M2;O;M2_12_O_F3;M2_12_O;AT1_297;AT2_290; 40 941   ;27; 40 989   ;0; 40 994   ; 41 001   ;7;1;28;17;28;8;0;2;0;1;8; 41 001   ; 41 004   ;3;1;14;3;14;0;0;8;0;3;0;42; 41 004   ;10;42;8;0.19047619
2B;2;M;M2;O;M2_26_O_E3;M2_26_O;AT1_291;AT2_333; 40 941   ;51; 40 989   ;0; 40 994   ; 41 001   ;7;2;54;-2;56;53;0;0;0;3;53; 41 001   ; 41 004   ;3;1;26;4;26;0;0;22;0;0;0;65; 41 004   ;10;82;53;0.646341463
3A;3;M;M2;O;M2_26_O_I2;M2_26_O;AT1_432;AT2_444; 40 945   ;15; 40 994   ;0; 40 998   ; 41 002   ;4;0;0;0;0;0;0;0;0;0;0; 41 002   ; 41 005   ;3;0;0;0;0;0;0;0;0;0;0;63; 41 005   ;7;0;0;
3A;3;M;M1;O;M1_23_O_I3;M1_23_O;AT1_429;AT2_417; 40 945   ;19; 40 994   ;0; 40 998   ; 41 002   ;4;0;0;0;0;0;0;0;0;0;0; 41 002   ; 41 005   ;3;0;0;0;0;0;0;0;0;0;0;76; 41 005   ;7;0;0;
3A;3;M;M2;O;M2_22_O_I3;M2_22_O;AT1_404;AT2_437; 40 945   ;40; 40 994   ;0; 40 998   ; 41 002   ;4;2;69;-35;104;54;0;39;0;11;54; 41 002   ; 41 005   ;3;3;60;11;60;47;0;2;0;0;47;63; 41 005   ;7;164;101;0.615853659
3A;3;M;M1;O;M1_18_O_I2;M1_18_O;AT1_466;AT2_476; 40 945   ;39; 40 994   ;0; 40 998   ; 41 002   ;4;3;54;-12;66;52;0;13;0;1;52; 41 002   ; 41 005   ;3;2;42;4;42;38;0;0;0;0;38;73; 41 005   ;7;108;90;0.833333333
3A;3;M;M1;O;M1_25_O_I3;M1_25_O;AT1_444;AT2_447; 40 945   ;41; 40 994   ;0; 40 998   ; 41 002   ;4;1;27;-6;33;21;0;10;0;2;21; 41 002   ; 41 005   ;3;4;55;-9;64;45;0;1;0;18;45;55; 41 005   ;7;97;66;0.680412371
3A;3;M;M1;O;M1_16_O_J2;M1_16_O;AT1_445;AT2_448; 40 945   ;29; 40 994   ;0; 40 998   ; 41 002   ;4;0;0;0;0;0;0;0;0;0;0; 41 002   ; 41 005   ;3;0;0;0;0;0;0;0;0;0;0;79; 41 005   ;7;0;0;
3A;3;M;M2;O;M2_24_O_I2;M2_24_O;AT1_426;AT2_427; 40 945   ;22; 40 994   ;0; 40 998   ; 41 002   ;4;1;21;1;21;15;0;5;0;0;15; 41 002   ; 41 005   ;3;0;0;0;0;0;0;0;0;0;0;47; 41 005   ;7;21;15;0.714285714
3A;3;M;M2;O;M2_14_O_I3;M2_14_O;AT1_421;AT2_410; 40 945   ;25; 40 994   ;0; 40 998   ; 41 002   ;4;0;0;0;0;0;0;0;0;0;0; 41 002   ; 41 005   ;3;0;0;0;0;0;0;0;0;0;0;62; 41 005   ;7;0;0;
3A;3;M;M2;O;M2_12_O_I3;M2_12_O;AT1_431;AT2_434; 40 945   ;35; 40 994   ;0; 40 998   ; 41 002   ;4;1;29;1;29;26;0;2;0;0;26; 41 002   ; 41 005   ;3;2;34;-4;38;30;0;6;0;2;30;54; 41 005   ;7;67;56;0.835820896
3A;3;M;M1;O;M1_18_O_I1;M1_18_O;AT1_484;AT2_491; 40 945   ;45; 40 994   ;0; 40 998   ; 41 002   ;4;1;12;0;12;12;0;0;0;0;12; 41 002   ; 41 005   ;3;2;30;0;30;29;0;1;0;0;29;81; 41 005   ;7;42;41;0.976190476
3B;3;M;M2;O;M2_24_O_J3;M2_24_O;AT1_561;AT2_546; 40 948   ;45; 40 996   ;0; 41 001   ; 41 005   ;4;3;53;3;53;34;0;16;0;0;34; 41 005   ; 41 009   ;4;2;50;6;50;39;0;4;0;1;39;101; 41 009   ;8;103;73;0.708737864
3B;3;M;M2;O;M2_27_O_I3;M2_27_O;AT1_565;AT2_553; 40 948   ;33; 40 996   ;0; 41 001   ; 41 005   ;4;1;30;3;30;3;0;0;0;24;3; 41 005   ; 41 009   ;4;2;48;-1;49;22;0;17;0;10;22;87; 41 009   ;8;79;25;0.316455696
3B;3;M;M1;O;M1_25_O_K3;M1_25_O;AT1_528;AT2_556; 40 948   ;60; 40 996   ;0; 41 001   ; 41 005   ;4;3;86;-1;87;66;0;20;0;1;66; 41 005   ; 41 009   ;4;3;70;12;70;52;0;6;0;0;52;107; 41 009   ;8;157;118;0.751592357
3B;3;M;M2;O;M2_26_O_J2;M2_26_O;AT1_530;AT2_557; 40 948   ;10; 40 996   ;0; 41 001   ; 41 005   ;4;0;0;0;0;0;0;0;0;0;0; 41 005   ; 41 009   ;4;0;0;0;0;0;0;0;0;0;0;48; 41 009   ;8;0;0;
3B;3;M;M1;O;M1_25_O_J3;M1_25_O;AT1_527;AT2_561; 40 948   ;39; 40 996   ;0; 41 001   ; 41 005   ;4;2;59;-11;70;36;0;11;0;23;36; 41 005   ; 41 009   ;4;4;62;16;62;23;0;23;0;0;23;77; 41 009   ;8;132;59;0.446969697
3B;3;M;M2;O;M2_24_O_I3;M2_24_O;AT1_572;AT2_513; 40 948   ;43; 40 996   ;0; 41 001   ; 41 005   ;4;4;72;-11;83;37;0;18;0;28;37; 41 005   ; 41 009   ;4;0;0;0;0;0;0;0;0;0;0;103; 41 009   ;8;83;37;0.445783133
3B;3;M;M2;O;M2_12_O_J3;M2_12_O;AT1_552;AT2_550; 40 948   ;40; 40 996   ;0; 41 001   ; 41 005   ;4;1;23;8;23;9;0;6;0;0;9; 41 005   ; 41 009   ;4;2;28;5;28;20;0;2;0;1;20;77; 41 009   ;8;51;29;0.568627451
3B;3;M;M2;O;M2_22_O_J3;M2_22_O;AT1_545;AT2_512; 40 948   ;35; 40 996   ;0; 41 001   ; 41 005   ;4;1;35;-2;37;35;1;1;0;0;36; 41 005   ; 41 009   ;4;2;54;6;54;31;0;17;0;0;31;84; 41 009   ;8;91;66;0.725274725
3B;3;M;M1;O;M1_24_O_J3;M1_24_O;AT1_532;AT2_510; 40 948   ;45; 40 996   ;0; 41 001   ; 41 005   ;4;2;58;2;58;39;0;9;0;8;39; 41 005   ; 41 009   ;4;3;51;4;51;28;0;15;0;4;28;94; 41 009   ;8;109;67;0.614678899
3B;3;M;M2;O;M2_23_O_J3;M2_23_O;AT1_516;AT2_543; 40 948   ;76; 40 996   ;0; 41 001   ; 41 005   ;4;2;75;10;75;59;0;6;0;0;59; 41 005   ; 41 009   ;4;4;86;29;86;43;0;14;0;0;43;111; 41 009   ;8;161;102;0.633540373
1A;1;C;C1;O;C1_1_O_B3;C1_1_O;AT1_5;AT2_43; 40 931   ;44; 40 975   ;0; 40 980   ; 40 984   ;4;1;47;7;47;36;0;3;0;1;36; 40 984   ; 40 989   ;5;2;83;7;83;57;0;17;0;2;57;99; 40 989   ;9;130;93;0.715384615
1A;1;C;C1;O;C1_4_O_B3;C1_4_O;AT1_6;AT2_42; 40 931   ;23; 40 975   ;0; 40 980   ; 40 984   ;4;3;58;14;58;44;0;0;0;0;44; 40 984   ; 40 989   ;5;4;51;-3;54;45;0;7;0;2;45;68; 40 989   ;9;112;89;0.794642857
1A;1;C;C1;O;C1_2_O_A3;C1_2_O;AT1_37;AT2_40; 40 931   ;56; 40 975   ;0; 40 980   ; 40 984   ;4;2;61;33;61;27;0;1;0;0;27; 40 984   ; 40 989   ;5;6;91;26;91;65;0;0;0;0;65;81; 40 989   ;9;152;92;0.605263158
1B;1;C;C1;O;C1_23_O_A2;C1_23_O;AT1_137;AT1_143; 40 934   ;69; 40 980   ;0; 40 984   ; 40 989   ;5;6;55;-12;67;64;0;0;0;3;64; 40 989   ; 40 991   ;2;2;36;2;36;21;0;12;0;1;21;79; 40 991   ;7;103;85;0.825242718
1B;1;C;C1;O;C1_23_O_B;C1_23_O;AT1_69;AT2_75; 40 934   ;84; 40 980   ;0; 40 984   ; 40 989   ;5;4;73;18;73;53;0;2;0;0;53; 40 989   ; 40 991   ;2;2;44;4;44;31;0;9;0;0;31;96; 40 991   ;7;117;84;0.717948718
1A;1;C;C1;O;C1_3_O_B2;C1_3_O;AT1_39;AT2_24; 40 931   ;44; 40 975   ;0; 40 980   ; 40 984   ;4;3;38;-12;50;48;0;1;0;1;48; 40 984   ; 40 989   ;5;2;37;9;37;21;0;5;0;2;21;66; 40 989   ;9;87;69;0.793103448
1B;1;C;C1;O;C1_2_O_C;C1_2_O;AT1_93;AT2_91; 40 934   ;60; 40 980   ;0; 40 984   ; 40 989   ;5;3;40;-23;63;63;0;0;0;0;63; 40 989   ; 40 991   ;2;2;35;-1;36;35;0;0;0;1;35;72; 40 991   ;7;99;98;0.98989899
1B;1;C;C1;O;C1_4_O_C;C1_4_O;AT1_139;AT2_97; 40 934   ;70; 40 980   ;0; 40 984   ; 40 989   ;5;6;43;6;43;35;0;2;0;0;35; 40 989   ; 40 991   ;2;4;29;4;29;25;0;0;0;0;25;79; 40 991   ;7;72;60;0.833333333
1B;1;C;C1;O;C1_5_O_C1;C1_5_O;AT1_138;AT1_129; 40 934   ;75; 40 980   ;0; 40 984   ; 40 989   ;5;5;34;0;34;33;0;0;0;1;33; 40 989   ; 40 991   ;2;1;3;0;3;0;0;1;0;2;0;91; 40 991   ;7;37;33;0.891891892
1A;1;C;C2;O;C2_6_O_B3;C2_6_O;AT1_11;AT2_36; 40 931   ;51; 40 975   ;0; 40 980   ; 40 984   ;4;4;67;8;67;58;0;1;0;0;58; 40 984   ; 40 989   ;5;4;95;16;95;40;0;0;0;39;40;83; 40 989   ;9;162;98;0.604938272
1A;1;C;C2;O;C2_7_O_A3;C2_7_O;AT1_7;AT2_39; 40 931   ;57; 40 975   ;0; 40 980   ; 40 984   ;4;4;44;4;44;31;0;7;0;2;31; 40 984   ; 40 989   ;5;7;81;11;81;66;0;1;0;3;66;81; 40 989   ;9;125;97;0.776
1A;1;C;C2;O;C2_6_O_C2;C2_6_O;AT1_8;AT2_38; 40 931   ;26; 40 975   ;0; 40 980   ; 40 984   ;4;3;36;8;36;18;0;8;0;2;18; 40 984   ; 40 989   ;5;7;61;-20;81;76;0;4;0;1;76;41; 40 989   ;9;117;94;0.803418803
1A;1;C;C2;O;C2_6_O_A2;C2_6_O;AT1_12;AT2_41; 40 931   ;17; 40 975   ;0; 40 980   ; 40 984   ;4;0;0;0;0;0;0;0;0;0;0; 40 984   ; 40 989   ;5;0;0;0;0;0;0;0;0;0;0;69; 40 989   ;9;0;0;
2A;2;C;C2;O;C2_19_O_E3;C2_19_O;AT1_207;AT2_258; 40 938   ;34; 40 987   ;0; 40 991   ; 40 995   ;4;0;0;0;0;0;0;0;0;0;0;;;;;;;;;;;;;;67; 40 995   ;4;0;0;
2B;2;C;C1;O;C1_22_O_F2;C1_22_O;AT1_284;AT2_319; 40 941   ;18; 40 989   ;0; 40 994   ; 41 001   ;7;0;0;0;0;0;0;0;0;0;0; 41 001   ; 41 004   ;3;0;0;0;0;0;0;0;0;0;0;48; 41 004   ;10;0;0;
2B;2;C;C2;O;C2_21_O_G2;C2_21_O;AT1_310;AT2_292; 40 941   ;13; 40 989   ;0; 40 994   ; 41 001   ;7;0;0;0;0;0;0;0;0;0;0; 41 001   ; 41 004   ;3;0;0;0;0;0;0;0;0;0;0;22; 41 004   ;10;0;0;
2B;2;C;C1;O;C1_23_O_G2;C1_23_O;AT1_302;AT2_278; 40 941   ;50; 40 989   ;0; 40 994   ; 41 001   ;7;4;38;21;38;12;0;5;0;0;12;;;;;;;;;;;;;;70; 41 004   ;7;38;12;0.315789474
2B;2;C;C1;O;C1_5_O_F3;C1_5_O;AT1_288;AT2_271; 40 941   ;71; 40 989   ;0; 40 994   ; 41 001   ;7;3;45;-7;52;47;0;3;0;2;47; 41 001   ; 41 004   ;3;2;35;3;35;19;0;0;0;13;19;85; 41 004   ;10;87;66;0.75862069
2B;2;C;C1;O;C1_22_O_F3;C1_22_O;AT1_286;AT2_330; 40 941   ;30; 40 989   ;0; 40 994   ; 41 001   ;7;0;0;0;0;0;0;0;0;0;0; 41 001   ; 41 004   ;3;0;0;0;0;0;0;0;0;0;0;58; 41 004   ;10;0;0;
2B;2;C;C2;O;C2_19_O_H3;C2_19_O;AT1_289;AT2_331; 40 941   ;60; 40 989   ;0; 40 994   ; 41 001   ;7;3;35;-48;83;40;0;3;0;40;40; 41 001   ; 41 004   ;3;5;74;19;74;29;0;0;0;26;29;94; 41 004   ;10;157;69;0.439490446
2B;2;C;C1;O;C1_22_O_E3;C1_22_O;AT1_290;AT2_332; 40 941   ;40; 40 989   ;0; 40 994   ; 41 001   ;7;5;57;-7;64;18;0;18;0;28;18; 41 001   ; 41 004   ;3;2;23;0;23;0;0;0;0;23;0;60; 41 004   ;10;87;18;0.206896552
2B;2;C;C2;O;C2_21_O_E2;C2_21_O;AT1_279;AT2_324; 40 941   ;20; 40 989   ;0; 40 994   ; 41 001   ;7;0;0;0;0;0;0;0;0;0;0; 41 001   ; 41 004   ;3;0;0;0;0;0;0;0;0;0;0;33; 41 004   ;10;0;0;
2B;2;C;C2;O;C2_21_O_G3;C2_21_O;AT1_306;AT2_335; 40 941   ;41; 40 989   ;0; 40 994   ; 41 001   ;7;6;67;32;67;32;0;3;0;0;32; 41 001   ; 41 004   ;3;2;33;-7;40;4;0;0;0;36;4;49; 41 004   ;10;107;36;0.336448598
2B;2;C;C2;O;C2_21_O_F3;C2_21_O;AT1_312;AT2_334; 40 941   ;51; 40 989   ;0; 40 994   ; 41 001   ;7;5;68;-6;74;41;0;6;0;27;41; 41 001   ; 41 004   ;3;3;62;21;62;39;0;2;0;0;39;68; 41 004   ;10;136;80;0.588235294
2B;2;C;C1;O;C1_22_O_F1;C1_22_O;AT1_307;AT2_274; 40 941   ;28; 40 989   ;0; 40 994   ; 41 001   ;7;1;8;0;8;6;0;1;0;1;6; 41 001   ; 41 004   ;3;2;22;2;22;6;0;10;0;4;6;55; 41 004   ;10;30;12;0.4
2B;2;C;C1;O;C1_23_O_H2;C1_23_O;AT1_308;AT2_283; 40 941   ;26; 40 989   ;0; 40 994   ; 41 001   ;7;6;99;77;99;18;0;3;0;1;18; 41 001   ; 41 004   ;3;3;71;9;71;12;0;0;0;50;12;60; 41 004   ;10;170;30;0.176470588
3A;3;C;C1;O;C1_5_O_I3;C1_5_O;AT1_430;AT2_429; 40 945   ;41; 40 994   ;0; 40 998   ; 41 002   ;4;3;67;10;67;31;0;0;0;26;31; 41 002   ; 41 005   ;3;4;61;7;61;52;0;2;0;0;52;76; 41 005   ;7;128;83;0.6484375
3A;3;C;C2;O;C2_X32_O_A;C2_X32_O;AT1_425;AT2_439; 40 945   ;66; 40 994   ;;;;;;;;;;;;;;;;;;;;;;;;;;;;;;;;;
3A;3;C;C2;O;C2_X41_O_A;C2_X41_O;AT1_491;AT2_479; 40 945   ;70; 40 994   ;0; 40 998   ; 41 002   ;4;6;141;-4;145;106;0;0;0;39;106; 41 002   ; 41 005   ;3;8;123;31;123;89;0;3;0;0;89;97; 41 005   ;7;268;195;0.72761194
3A;3;C;C1;O;C1_23_O_I3;C1_23_O;AT1_406;AT2_489; 40 945   ;27; 40 994   ;0; 40 998   ; 41 002   ;4;3;54;6;54;4;0;35;0;9;4; 41 002   ; 41 005   ;3;3;57;13;57;35;0;9;0;0;35;67; 41 005   ;7;111;39;0.351351351
3A;3;C;C1;O;C1_21_O_J2;C1_21_O;AT1_485;AT2_402; 40 945   ;21; 40 994   ;0; 40 998   ; 41 002   ;4;1;39;-7;46;37;0;0;0;9;37; 41 002   ; 41 005   ;3;1;17;1;17;14;0;2;0;0;14;64; 41 005   ;7;63;51;0.80952381
3A;3;C;C1;O;C1_2_O_J2;C1_2_O;AT1_478;AT2_456; 40 945   ;28; 40 994   ;0; 40 998   ; 41 002   ;4;1;20;0;20;0;0;20;0;0;0; 41 002   ; 41 005   ;3;1;21;-5;26;26;0;0;0;0;26;62; 41 005   ;7;46;26;0.565217391
3A;3;C;C1;O;C1_23_O_K3;C1_23_O;AT1_471;AT2_463; 40 945   ;44; 40 994   ;0; 40 998   ; 41 002   ;4;0;0;0;0;0;0;0;0;0;0; 41 002   ; 41 005   ;3;2;44;-5;49;28;0;4;0;17;28;61; 41 005   ;7;49;28;0.571428571
3A;3;C;C2;O;C2_X38_O_A;C2_X3_O;AT1_435;AT2_442; 40 945   ;57; 40 994   ;0; 40 998   ; 41 002   ;4;4;58;2;58;53;0;3;0;0;53; 41 002   ; 41 005   ;3;2;50;9;50;40;0;1;0;0;40;84; 41 005   ;7;108;93;0.861111111
3A;3;C;C2;O;C2_X31_O_A;C2_X3_O;AT1_410;AT2_413; 40 945   ;43; 40 994   ;0; 40 998   ; 41 002   ;4;1;10;0;10;0;0;10;0;0;0; 41 002   ; 41 005   ;3;5;40;7;40;32;0;1;0;0;32;57; 41 005   ;7;50;32;0.64
3A;3;C;C2;O;C2_X34_O_A;C2_X3_O;AT1_419;AT2_419; 40 945   ;43; 40 994   ;0; 40 998   ; 41 002   ;4;6;80;4;80;30;0;25;0;21;30; 41 002   ; 41 005   ;3;4;58;-8;66;59;0;5;0;2;59;53; 41 005   ;7;146;89;0.609589041
3A;3;C;C2;O;C2_19_O_I3;C2_19_O;AT1_409;AT2_411; 40 945   ;14; 40 994   ;0; 40 998   ; 41 002   ;4;0;0;0;0;0;0;0;0;0;0; 41 002   ; 41 005   ;3;0;0;0;0;0;0;0;0;0;0;42; 41 005   ;7;0;0;
3A;3;C;C2;O;C2_X44_O_A;C2_X4_O;AT1_468;AT2_454; 40 945   ;44; 40 994   ;0; 40 998   ; 41 002   ;4;1;21;0;21;5;0;13;0;3;5; 41 002   ; 41 005   ;3;3;41;-6;47;46;0;1;0;0;46;46; 41 005   ;7;68;51;0.75
3A;3;C;C2;O;C2_X42_O_A;C2_X4_O;AT1_461;AT2_460; 40 945   ;42; 40 994   ;0; 40 998   ; 41 002   ;4;3;42;10;42;19;0;5;0;8;19; 41 002   ; 41 005   ;3;2;11;2;11;9;0;0;0;0;9;50; 41 005   ;7;53;28;0.528301887
3A;3;C;C2;O;C2_X43_O_A;C2_X4_O;AT1_460;AT2_461; 40 945   ;72; 40 994   ;0; 40 998   ; 41 002   ;4;1;14;4;14;10;0;0;0;0;10; 41 002   ; 41 005   ;3;4;52;-8;60;57;0;3;0;0;57;83; 41 005   ;7;74;67;0.905405405
3A;3;C;C1;O;C1_23_O_L;C1_23_O;AT1_454;AT2_475; 40 945   ;27; 40 994   ;0; 40 998   ; 41 002   ;4;1;21;-4;25;0;0;0;0;25;0;;;;;;;;;;;;;;;;4;25;0;0
3A;3;C;C2;O;C2_X39_O_A;C2_X39_O;AT1_420;AT2_409; 40 945   ;55; 40 994   ;0; 40 998   ; 41 002   ;4;3;63;2;63;50;0;4;0;7;50; 41 002   ; 41 005   ;3;3;67;-6;73;70;0;2;0;1;70;82; 41 005   ;7;136;120;0.882352941
3A;3;C;C2;O;C2_X36_O_A;C2_X36_O;AT1_413;AT2_404; 40 945   ;77; 40 994   ;0; 40 998   ; 41 002   ;4;5;88;3;88;73;0;4;0;8;73; 41 002   ; 41 005   ;3;4;68;23;68;44;0;1;0;0;44;88; 41 005   ;7;156;117;0.75
3A;3;C;C1;O;C1_5_O_K3;C1_5_O;AT1_482;AT2_480; 40 945   ;9; 40 994   ;0; 40 998   ; 41 002   ;4;0;0;0;0;0;0;0;0;0;0; 41 002   ; 41 005   ;3;0;0;0;0;0;0;0;0;0;0;26; 41 005   ;7;0;0;
3A;3;C;C1;O;C1_5_O_J3;C1_5_O;AT1_475;AT2_481; 40 945   ;30; 40 994   ;0; 40 998   ; 41 002   ;4;0;0;0;0;0;0;0;0;0;0; 41 002   ; 41 005   ;3;2;32;0;32;24;0;7;0;1;24;54; 41 005   ;7;32;24;0.75
3A;3;C;C2;O;C2_X37_O_A;C2_X37_O;AT1_459;AT2_464; 40 945   ;71; 40 994   ;0; 40 998   ; 41 002   ;4;5;80;-10;90;20;0;65;0;5;20; 41 002   ; 41 005   ;3;6;81;15;81;60;0;6;0;0;60;82; 41 005   ;7;171;80;0.467836257
3A;3;C;C2;O;C2_X35_O_A;C2_X35_O;AT1_451;AT2_465; 40 945   ;80; 40 994   ;0; 40 998   ; 41 002   ;4;7;128;0;128;62;0;66;0;0;62; 41 002   ; 41 005   ;3;6;108;7;108;100;0;1;0;0;100;102; 41 005   ;7;236;162;0.686440678
3A;3;C;C1;O;C1_1_O_I2;C1_1_O;AT1_483;AT2_483; 40 945   ;33; 40 994   ;0; 40 998   ; 41 002   ;4;2;44;1;44;16;0;3;0;24;16; 41 002   ; 41 005   ;3;2;37;0;37;34;0;0;0;3;34;61; 41 005   ;7;81;50;0.617283951
3A;3;C;C2;O;C2_X40_O_A;C2_X40_O;AT1_488;AT2_477; 40 945   ;45; 40 994   ;;;;;;;;;;;;;;;;;;;;;;;;;;;;;;;;;
3A;3;C;C2;O;C2_X33_O_A;C2_X33_O;AT1_489;AT2_458; 40 945   ;49; 40 994   ;0; 40 998   ; 41 002   ;4;2;44;4;44;15;0;25;0;0;15; 41 002   ; 41 005   ;3;3;53;9;53;33;0;1;0;10;33;70; 41 005   ;7;97;48;0.494845361
3A;3;C;C2;O;C2_X45_O_A;C2_X45_O;AT1_463;AT2_459; 40 945   ;72; 40 994   ;0; 40 998   ; 41 002   ;4;4;68;-5;73;35;0;20;0;18;35; 41 002   ; 41 005   ;3;8;95;1;95;94;0;0;0;0;94;86; 41 005   ;7;168;129;0.767857143
3B;3;C;C1;O;C1_4_O_J2;C1_4_O;AT1_514;AT2_533; 40 948   ;46; 40 996   ;0; 41 001   ; 41 005   ;4;3;82;3;82;26;0;8;0;45;26; 41 005   ; 41 009   ;4;3;61;7;61;9;0;25;0;20;9;87; 41 009   ;8;143;35;0.244755245
