ind;bloc;focal;treatment;hybridity;linetype;focalweight;mateweight;layingdays;selfedbeforepairingF;clutchesF;eggsF;viableeggsF;quicomptelesoeufs;babiesF;unhatchedF;whocountsbabiesF;qualityF;correctedeggsf;layingdaysA;clutchesA;eggsA;viableeggsA;whocountseggsA;PbabiesA;AbabiesA;PunhachedA;AunhatchedA;unknownunhatchedA;whocountsbabiesA;correctedeggsA
1;A;P1;HT;H;T;55;51;4;no;5;101;101;EC;72;30;PD;0;102;4;5;95;95;EC;26;11;35;17;2;PD;95
2;A;P2;HM;H;M;34;69;4;no;0;0;0;EC;0;0;PD;0;0;4;4;80;80;EC;18;8;32;18;7;PD;83
3;A;P3;T1;NH;T;70;52;4;no;3;77;77;EC;65;5;PD;0;77;4;4;49;49;EC;1;1;14;10;0;PD;49
4;A;P4;F1;NH;F;88;30;4;no;7;137;137;EC;0;38;PD;2;137;4;4;52;52;EC;0;16;0;34;0;PD;52
5;A;P5;HF;H;F;62;43;4;no;5;105;105;EC;1;29;PD;2;105;4;6;73;73;EC;1;33;0;33;1;PD;73
6;A;P6;F2;NH;F;70;30;4;no;4;94;94;EC;12;27;PD;2;94;4;4;31;31;EC;0;11;0;11;1;PD;31
7;A;P7;T2;NH;T;59;45;4;no;4;68;68;EC;0;7;PD;2;68;4;6;72;72;EC;5;10;29;18;2;PD;72
8;A;P8;M1;NH;M;79;29;4;no;5;107;107;EC;0;2;PD;2;107;4;4;41;41;EC;3;7;0;4;12;PD;41
9;A;P9;M2;NH;M;86;52;4;no;8;147;147;EC;0;30;PD;2;147;4;5;70;70;EC;1;5;14;34;4;PD;70
10;A;P10;HT;H;T;42;48;4;no;5;71;71;EC;0;6;PD;2;71;4;8;69;69;EC;3;4;26;31;2;PD;69
11;A;P11;HM;H;M;89;61;4;no;4;76;76;EC;0;31;PD;2;76;4;4;68;45;EC;33;10;5;5;0;PD;53
12;A;P12;T1;NH;T;84;47;4;no;5;97;97;EC;4;1;PD;2;97;4;6;82;82;EC;29;12;20;6;13;PD;82
13;A;P13;F1;NH;F;83;27;4;no;10;161;161;EC;52;26;PD;1;161;4;3;37;37;EC;0;31;0;1;0;PD;37
14;A;P14;HF;H;F;56;43;4;no;4;67;67;EC;6;6;PD;2;67;4;5;62;62;EC;36;10;11;3;0;PD;62
15;A;P15;F2;NH;F;89;34;4;no;3;76;76;EC;0;12;PD;2;76;4;5;57;57;EC;0;48;0;0;0;PD;57
16;A;P16;T2;NH;T;75;53;4;no;9;117;117;EC;2;20;PD;2;117;4;4;51;51;EC;17;13;0;5;2;PD;51
17;A;P17;M1;NH;M;102;45;4;no;3;75;75;EC;54;0;PD;0;75;4;6;73;73;EC;63;0;0;0;0;PD;73
18;A;P18;M2;NH;M;81;49;4;no;7;135;135;EC;2;8;PD;2;135;4;5;72;72;EC;22;31;2;3;0;PD;72
19;A;P19;HT;H;T;44;61;4;no;2;35;35;EC;1;2;PD;0;35;4;4;73;73;EC;40;11;0;0;0;PD;73
20;A;P20;HM;H;M;90;56;4;yes;6;82;82;EC;0;35;PD;0;82;4;6;77;77;EC;18;12;2;2;1;PD;77
21;A;P21;T1;NH;T;75;55;4;no;6;114;114;EC;37;29;PD;1;114;4;5;96;96;EC;49;16;29;12;0;PD;106
22;A;P22;F1;NH;F;99;47;4;no;9;103;103;EC;2;59;PD;2;103;4;5;69;69;EC;0;41;0;14;0;PD;69
23;A;P23;HF;H;F;52;42;4;no;8;149;149;EC;51;16;PD;1;149;4;7;63;63;EC;0;25;0;36;0;PD;63
24;A;P24;F2;NH;F;70;62;4;no;4;83;83;EC;2;14;PD;2;83;4;6;71;71;EC;4;58;1;8;0;PD;71
25;A;P25;T2;NH;T;65;49;4;no;7;106;106;EC;2;0;PD;2;106;4;6;69;69;EC;0;36;0;25;4;PD;69
26;A;P26;M1;NH;M;120;33;4;no;6;110;110;EC;21;56;PD;1;110;4;4;43;43;EC;0;36;0;2;1;PD;43
27;A;P27;M2;NH;M;52;50;4;no;5;73;73;EC;21;14;PD;1;73;4;6;67;67;EC;0;56;0;8;0;PD;67
28;A;P28;HT;H;T;64;51;4;no;6;89;89;EC;47;10;PD;1;89;4;4;52;52;EC;40;7;9;1;1;PD;58
29;A;P29;HM;H;M;84;30;4;no;6;141;141;EC;40;14;PD;1;141;4;1;9;9;EC;4;0;4;1;0;PD;9
30;A;P30;T1;NH;T;82;52;4;no;6;109;109;EC;110;3;PD;0;113;4;5;75;75;EC;41;9;7;4;0;PD;75
31;A;P31;F1;NH;F;78;48;4;no;6;109;109;EC;6;41;PD;1;109;4;4;40;40;EC;0;3;0;18;5;PD;40
32;A;P32;HF;H;F;37;36;4;no;3;50;50;EC;1;5;PD;2;50;4;4;40;40;EC;8;2;20;4;1;PD;40
33;A;P33;F2;NH;F;51;45;4;yes;9;72;72;EC;59;0;PD;0;72;4;6;66;66;EC;4;0;28;21;0;PD;66
34;A;P34;T2;NH;T;56;52;4;no;7;94;67;EC;3;13;PD;2;67;4;5;72;72;EC;0;19;0;8;0;PD;72
35;A;P35;M1;NH;M;127;67;4;no;5;94;94;EC;8;2;PD;2;94;4;4;71;71;EC;0;52;0;1;0;PD;71
36;A;P36;M2;NH;M;79;63;4;no;5;150;150;EC;28;15;PD;1;150;4;5;91;91;EC;18;47;4;13;1;PD;91
37;A;P37;HT;H;T;77;53;4;no;8;129;129;EC;82;10;PD;0;129;4;5;57;57;EC;13;1;24;5;2;TJ;57
38;A;P38;HM;H;M;66;52;4;no;4;129;129;EC;0;52;PD;2;129;4;3;72;72;EC;40;0;0;0;0;TJ;72
39;A;P39;T1;NH;T;59;29;4;no;4;66;66;EC;50;14;PD;0;66;4;3;27;27;EC;6;2;1;4;2;TJ;27
40;A;P40;F1;NH;F;79;37;4;no;7;183;183;EC;0;104;PD;1;183;4;5;43;43;EC;0;34;0;2;3;TJ;43
41;A;P41;HF;H;F;70;31;4;no;2;68;68;EC;0;1;PD;2;68;4;3;28;28;EC;0;10;0;10;5;TJ;28
42;A;P42;F2;NH;F;60;34;4;no;3;65;65;EC;38;6;PD;0;65;4;4;53;53;EC;1;0;31;0;20;TJ;53
43;A;P43;T2;NH;T;82;55;4;no;5;79;79;EC;33;56;PD;0;89;4;7;72;72;EC;8;7;16;22;18;TJ;72
44;A;P44;M1;NH;M;123;61;4;no;8;129;129;EC;80;34;PD;0;129;4;6;85;85;EC;19;8;18;8;16;TJ;85
45;A;P45;M2;NH;M;73;42;4;no;5;109;109;EC;90;1;PD;0;109;4;4;44;44;EC;0;0;31;11;0;TJ;44
46;A;P46;HT;H;T;34;55;4;no;0;0;0;EC;0;0;PD;0;0;4;6;69;69;EC;19;22;7;5;9;TJ;69
47;A;P47;HM;H;M;77;54;4;no;3;100;100;EC;22;72;PD;0;100;4;2;27;27;EC;14;1;0;0;2;TJ;27
48;A;P48;T1;NH;T;57;49;4;no;4;46;46;EC;32;10;PD;0;46;4;5;44;44;EC;31;7;0;1;2;TJ;44
49;A;P49;F1;NH;F;68;56;4;no;6;115;115;EC;61;12;PD;0;115;4;3;57;57;EC;2;39;1;14;0;TJ;57
50;A;P50;HF;H;F;56;51;4;no;5;87;87;AS;2;23;PD;0;87;4;5;61;61;AS;5;16;4;34;0;PD;61
51;A;P51;F2;NH;F;54;48;4;no;4;53;53;AS;34;11;PD;0;53;4;6;68;68;AS;0;23;0;35;0;PD;68
52;A;P52;T2;NH;T;76;36;4;no;2;55;55;AS;27;21;PD;0;55;4;3;40;40;AS;4;1;13;13;7;PD;40
53;A;P53;M1;NH;M;122;56;4;no;6;128;128;AS;80;18;PD;0;128;4;3;42;29;AS;4;10;3;13;13;PD;43
54;A;P54;M2;NH;M;78;37;4;no;2;49;49;AS;27;10;PD;0;49;4;6;49;49;AS;2;18;0;26;1;PD;49
55;A;P55;HT;H;T;58;52;4;no;5;100;100;AS;91;3;PD;0;100;4;5;42;42;AS;4;12;0;10;6;PD;42
56;A;P56;HM;H;M;64;45;4;no;3;88;88;AS;34;40;PD;0;88;4;2;9;9;AS;4;3;0;1;1;PD;9
57;A;P57;T1;NH;T;59;67;4;no;6;120;120;AS;91;25;PD;0;120;4;4;41;41;AS;1;1;1;26;1;PD;41
58;A;P58;F1;NH;F;78;48;4;no;7;99;99;AS;74;5;PD;0;99;4;2;5;5;AS;0;1;0;4;0;PD;5
59;A;P59;HF;H;F;51;44;4;no;7;90;90;AS;41;34;PD;0;90;4;5;68;68;AS;14;13;3;20;3;PD;68
60;A;P60;F2;NH;F;76;65;4;no;4;93;93;AS;71;5;PD;0;93;4;7;98;98;AS;1;85;0;5;0;PD;98
61;A;P61;T2;NH;T;65;41;4;no;6;159;159;AS;11;145;PD;0;159;4;4;39;39;AS;9;12;2;7;0;PD;39
62;A;P62;M1;NH;M;111;73;4;no;5;142;142;AS;43;79;PD;0;142;4;5;75;75;AS;7;0;37;22;5;PD;75
63;A;P63;M2;NH;M;57;46;4;no;4;79;79;AS;19;19;PD;0;79;4;5;64;64;AS;8;5;27;4;0;PD;64
64;A;P64;HT;H;T;31;39;4;no;0;0;0;AS;0;0;PD;0;0;4;5;54;54;PD;29;0;10;5;2;PD;54
65;A;P65;HM;H;M;104;34;4;no;4;94;94;AS;48;10;PD;0;94;4;6;58;58;PD;12;7;12;13;0;PD;58
66;A;P66;T1;NH;T;79;48;4;no;6;97;71;AS;38;26;PD;0;71;4;7;76;76;PD;17;6;11;12;0;PD;76
67;A;P67;F1;NH;F;77;43;4;no;0;0;0;AS;0;0;PD;0;0;4;5;61;61;PD;3;18;3;16;10;PD;61
68;A;P68;HF;H;F;73;42;4;no;5;90;90;AS;46;6;PD;1;90;4;4;67;67;PD;12;8;10;28;3;PD;67
69;A;P69;F2;NH;F;61;40;4;no;5;61;61;AS;18;20;PD;0;61;4;5;43;43;PD;0;12;0;25;0;PD;43
70;A;P70;T2;NH;T;71;39;4;no;5;121;121;AS;1;118;PD;0;121;4;4;54;42;PD;10;1;26;4;2;PD;43
71;A;P71;M1;NH;M;130;46;4;no;5;110;110;AS;66;25;PD;0;110;4;4;48;48;PD;7;17;7;12;2;TJ;48
72;A;P72;M2;NH;M;75;54;4;no;4;87;87;AS;42;4;PD;1;87;4;7;86;86;PD;0;7;0;52;3;TJ;86
73;A;P73;HT;H;T;71;29;4;no;6;139;139;AS;95;35;PD;0;139;4;6;46;46;PD;18;24;0;3;0;TJ;46
74;A;P74;HM;H;M;45;50;4;no;3;41;41;AS;15;26;PD;0;41;4;4;59;59;PD;0;0;28;1;10;TJ;59
75;A;P75;T1;NH;T;99;56;4;no;5;82;82;AS;36;29;PD;0;82;4;0;0;0;PD;0;0;0;0;0;TJ;0
76;A;P76;F1;NH;F;104;67;4;no;10;148;148;AS;79;51;PD;0;148;4;6;111;111;PD;0;67;0;33;2;TJ;111
77;A;P77;HF;H;F;70;57;4;no;4;71;71;AS;33;33;PD;0;71;4;4;62;62;PD;0;3;0;51;3;TJ;62
78;A;P78;F2;NH;F;41;51;4;no;3;32;32;AS;27;0;PD;0;32;4;6;63;63;AS;0;7;0;55;0;TJ;63
79;A;P79;T2;NH;T;66;70;4;no;9;91;91;AS;19;64;PD;0;91;4;6;81;81;AS;21;16;15;24;4;TJ;81
80;A;P80;M1;NH;M;110;35;4;no;5;129;129;AS;76;41;PD;0;129;4;5;49;49;AS;9;4;13;5;0;TJ;49
81;A;P81;M2;NH;M;37;49;4;no;3;60;60;AS;21;39;PD;0;60;4;4;66;66;AS;0;20;0;25;18;TJ;66
82;A;P82;HT;H;T;33;23;4;no;3;39;39;AS;36;1;PD;0;39;4;4;44;44;AS;11;10;3;5;2;TJ;44
83;A;P83;HM;H;M;65;40;4;no;2;29;29;AS;2;25;PD;0;29;4;4;39;39;AS;18;0;10;0;11;TJ;39
84;A;P84;T1;NH;T;64;53;4;no;4;58;58;AS;45;8;PD;0;58;4;4;67;67;AS;7;7;15;21;5;TJ;67
85;A;P85;F1;NH;F;91;36;4;yes;4;10;10;AS;0;7;PD;0;10;4;5;57;41;AS;4;1;3;28;1;EC;41
86;A;P86;HF;H;F;48;53;4;no;4;87;87;AS;42;33;PD;0;87;4;3;46;46;AS;10;5;8;6;1;EC;46
87;A;P87;F2;NH;F;70;50;4;no;3;52;52;AS;25;10;PD;0;52;4;5;56;56;AS;6;0;22;16;11;EC;56
88;A;P88;T2;NH;T;55;48;4;no;3;104;104;AS;1;99;PD;0;104;4;7;76;76;AS;15;12;9;17;13;EC;76
89;A;P89;M1;NH;M;97;52;4;no;5;94;94;AS;49;31;PD;0;94;4;5;59;59;AS;10;8;6;30;5;EC;59
90;A;P90;M2;NH;M;53;55;4;no;2;36;36;AS;27;4;PD;0;36;4;7;76;76;AS;15;20;11;7;3;EC;76
91;A;P91;HT;H;T;52;42;4;no;5;82;82;AS;29;33;PD;0;82;4;4;58;58;AS;13;21;3;9;4;EC;58
92;A;P92;HM;H;M;81;48;4;no;5;117;117;AS;31;79;PD;0;117;4;3;53;53;AS;0;5;4;16;16;EC;53
93;A;P93;T1;NH;T;76;35;4;no;4;92;92;AS;31;13;PD;0;92;4;3;53;53;AS;22;21;2;1;2;EC;53
94;A;P94;F1;NH;F;72;47;4;no;8;143;143;AS;26;102;PD;0;143;4;7;61;61;AS;0;8;0;19;19;EC;61
95;A;P95;HF;H;F;72;57;4;no;6;120;120;AS;40;68;PD;0;120;4;9;99;99;AS;0;33;0;62;0;EC;99
96;A;P96;F2;NH;F;51;43;4;no;3;89;89;AS;19;51;PD;0;89;4;5;51;51;AS;0;0;0;31;12;EC;51
97;A;P97;T2;NH;T;81;87;4;no;5;122;104;AS;28;59;PD;0;104;4;3;44;44;AS;20;3;11;0;0;EC;44
98;A;P98;M1;NH;M;109;53;4;no;3;96;96;AS;13;80;PD;0;96;4;3;44;44;AS;0;0;35;0;6;EC;44
99;A;P99;M2;NH;M;103;39;6;no;5;152;152;SM;32;109;PD;0;152;4;2;19;19;AS;0;17;0;0;0;SM;19
100;A;P100;HT;H;T;48;60;3;no;4;73;73;SM;28;1;PD;1;73;4;3;63;63;AS;19;15;3;0;16;SM;63
101;A;P101;HM;H;M;83;53;3;no;3;102;102;SM;21;66;PD;1;102;4;4;60;60;AS;8;5;31;11;0;SM;60
102;A;P102;T1;NH;T;59;49;4;no;5;77;49;SM;35;11;PD;0;49;4;5;55;55;AS;17;8;10;2;2;SM;55
103;A;P103;F1;NH;F;63;41;4;yes;7;115;115;SM;90;9;PD;0;115;4;4;55;55;AS;10;16;0;0;10;SM;55
104;A;P104;HF;H;F;48;56;4;no;4;73;73;SM;26;42;PD;0;73;4;2;19;19;AS;0;5;0;12;0;SM;19
105;A;P105;F2;NH;F;66;64;4;no;4;101;101;SM;67;15;PD;0;101;4;6;107;107;AS;0;43;0;31;0;SM;107
106;A;P106;T2;NH;T;74;40;4;no;1;2;2;SM;0;2;PD;0;2;4;3;8;8;AS;0;3;0;4;0;SM;8
107;A;P107;M1;NH;M;88;57;4;no;4;102;102;SM;68;21;PD;0;102;4;5;61;61;AS;25;6;9;4;0;SM;61
108;A;P108;M2;NH;M;90;45;4;no;4;123;123;SM;15;97;PD;0;123;4;6;57;57;AS;0;7;2;32;15;SM;57
109;A;P109;HT;H;T;75;38;4;no;4;88;88;SM;23;0;PD;0;88;4;2;25;25;AS;2;1;4;17;0;SM;25
110;A;P110;HM;H;M;113;65;4;no;3;162;162;SM;13;88;PD;0;162;4;4;68;68;AS;2;25;2;34;0;SM;68
111;A;P111;T1;NH;T;49;55;4;no;3;57;57;SM;0;0;PD;2;57;4;3;15;15;AS;0;0;4;1;10;SM;15
112;A;P112;F1;NH;F;57;54;4;yes;6;57;57;SM;7;3;PD;1;57;4;4;73;73;AS;1;21;0;25;25;SM;73
113;A;P113;HF;H;F;64;51;4;yes;7;74;74;SM;55;5;PD;0;74;4;5;63;63;AS;3;11;1;34;0;SM;63
114;A;P114;F2;NH;F;83;45;4;no;9;110;110;SM;12;21;PD;1;110;4;3;47;47;AS;0;11;0;35;0;SM;47
115;A;P115;T2;NH;T;56;62;4;no;7;107;107;SM;43;46;PD;0;107;4;7;92;92;AS;47;9;3;1;0;SM;92
116;A;P116;M1;NH;M;97;52;4;no;6;190;190;SM;122;25;PD;0;190;4;6;63;63;AS;25;10;9;2;6;SM;63
117;A;P117;M2;NH;M;;;;;;;;;;;;;;0;;;;;;;;;;;
118;A;P118;HT;H;T;71;35;4;no;8;136;136;SM;122;3;PD;0;136;4;6;58;58;AS;21;7;11;0;17;SM;58
119;A;P119;HM;H;M;77;58;4;no;6;99;99;SM;70;2;PD;0;99;4;5;52;52;AS;11;8;12;18;0;SM;52
120;A;P120;T1;NH;T;52;43;4;no;8;106;106;SM;47;35;PD;0;106;4;4;63;63;AS;11;9;28;15;0;SM;63
121;A;P121;F1;NH;F;62;49;4;no;10;121;121;SM;1;35;PD;2;121;4;5;74;74;AS;11;16;10;34;2;SM;74
122;A;P122;HF;H;F;92;40;4;no;4;64;64;SM;55;3;PD;0;64;4;2;15;15;AS;0;0;10;2;3;SM;15
123;A;P123;F2;NH;F;74;48;4;no;6;185;170;SM;127;27;PD;0;170;4;4;44;44;AS;0;0;0;33;11;SM;44
124;A;P124;T2;NH;T;99;58;4;no;6;108;108;SM;106;2;PD;0;108;4;5;42;42;AS;0;13;0;14;11;SM;42
125;A;P125;M1;NH;M;110;65;4;no;4;72;72;SM;57;2;PD;0;72;4;5;79;79;AS;8;13;9;25;0;SM;79
126;A;P126;M2;NH;M;104;51;4;no;30;85;85;SM;75;4;PD;0;85;4;5;74;74;AS;0;19;0;25;4;SM;74
127;A;P127;HT;H;T;77;43;4;no;1;19;19;SM;18;2;PD;0;20;4;4;42;42;AS;16;15;0;2;3;SM;42
128;A;P128;HM;H;M;96;62;4;no;5;148;148;SM;101;26;PD;0;148;4;2;25;25;AS;0;12;0;8;4;SM;25
129;A;P129;T1;NH;T;64;32;4;no;5;135;135;SM;80;2;PD;1;135;4;3;34;34;AS;5;11;8;2;7;SM;34
130;A;P130;F1;NH;F;60;66;4;no;8;109;109;SM;69;13;PD;0;109;4;4;51;51;AS;0;12;8;2;13;SM;51
131;A;P131;HF;H;F;66;51;4;no;7;134;134;SM;29;44;PD;0;134;4;4;74;74;AS;0;13;0;60;2;SM;75
132;A;P132;F2;NH;F;56;55;4;no;5;113;113;SM;91;10;PD;0;113;4;3;34;34;AS;7;9;0;12;2;SM;34
133;A;P133;T2;NH;T;71;70;4;no;5;119;119;SM;59;42;PD;0;119;4;1;11;11;AS;0;11;0;0;0;SM;11
134;A;P134;M1;NH;M;95;38;4;no;3;85;85;SM;3;61;PD;1;85;4;5;36;36;AS;0;3;11;16;5;SM;36
135;A;P135;M2;NH;M;66;49;4;no;3;106;106;SM;8;62;PD;1;106;4;6;73;73;AS;3;24;4;37;2;SM;73
136;A;P136;HT;H;T;37;44;4;no;6;87;87;SM;51;22;PD;0;87;4;3;43;43;AS;5;6;1;11;0;SM;43
137;A;P137;HM;H;M;105;42;4;no;4;92;92;SM;27;17;PD;1;92;4;5;50;50;AS;0;13;5;25;0;SM;50
138;A;P138;T1;NH;T;72;53;4;no;3;70;70;SM;48;19;PD;0;70;4;5;68;68;AS;3;5;8;47;5;SM;68
139;A;P139;F1;NH;F;53;52;4;no;6;111;111;SM;32;60;PD;0;111;4;5;63;63;AS;0;16;0;33;5;SM;63
140;A;P140;HF;H;F;51;49;4;no;6;70;70;SM;40;16;PD;0;70;4;4;54;54;AS;4;4;12;22;0;SM;54
141;A;P141;F2;NH;F;54;41;4;no;4;82;82;SM;31;38;PD;0;82;4;6;66;66;AS;0;49;0;6;2;TJ;66
142;A;P142;T2;NH;T;77;36;4;no;9;143;143;SM;41;56;PD;0;143;4;7;44;44;AS;12;11;5;6;0;TJ;44
143;A;P143;M1;NH;M;103;43;4;no;4;123;123;SM;0;50;PD;2;123;4;4;47;47;AS;28;5;5;0;0;TJ;47
144;A;P144;M2;NH;M;81;48;4;no;4;124;124;SM;67;42;PD;0;124;4;4;49;49;AS;0;27;0;6;12;TJ;49
145;A;P145;HT;H;T;56;40;4;no;8;91;91;SM;50;9;PD;0;91;4;7;70;70;AS;37;16;0;0;10;TJ;70
146;A;P146;HM;H;M;88;32;4;no;4;95;95;EC;44;49;PD;0;95;4;3;37;37;AS;12;5;4;1;4;TJ;37
147;A;P147;T1;NH;T;71;49;4;no;2;37;37;EC;21;10;PD;0;37;4;6;77;77;AS;17;33;5;9;7;TJ;77
148;A;P148;F1;NH;F;56;29;4;no;6;89;89;EC;8;23;PD;1;89;4;5;46;46;AS;20;25;1;1;0;TJ;47
149;A;P149;HF;H;F;55;35;4;no;0;0;0;EC;0;0;PD;0;0;4;4;46;46;AS;0;32;0;10;3;TJ;46
150;A;P150;F2;NH;F;64;55;4;no;3;61;61;EC;37;14;PD;0;61;4;7;86;86;AS;2;42;0;19;7;TJ;86
151;A;P151;T2;NH;T;62;41;4;yes;8;104;104;EC;45;31;PD;0;104;4;6;47;47;AS;14;0;25;0;3;TJ;47
152;A;P152;M1;NH;M;96;44;4;no;5;106;106;EC;104;5;PD;0;109;4;7;71;71;AS;0;26;0;11;2;TJ;71
153;A;P153;M2;NH;M;80;57;4;yes;5;137;137;EC;50;24;PD;0;137;4;5;67;67;AS;0;24;0;28;2;TJ;67
154;A;P154;HT;H;T;72;44;4;no;5;23;23;EC;21;0;PD;0;23;4;4;37;37;AS;2;10;3;17;0;TJ;37
155;A;P155;HM;H;M;38;44;4;no;5;89;89;EC;26;7;PD;0;89;4;6;50;50;AS;3;4;11;23;2;TJ;50
156;A;P156;T1;NH;T;95;51;4;no;3;64;64;EC;19;24;PD;0;64;4;6;40;40;AS;2;2;20;4;0;TJ;40
157;A;P157;F1;NH;F;97;53;4;no;9;146;146;EC;61;30;PD;0;146;4;4;44;44;AS;9;6;8;16;3;TJ;44
158;A;P158;HF;H;F;;;;;;;;;;;;;;0;;;;;;;;;;;
159;A;P159;F2;NH;F;69;47;4;no;3;81;81;EC;41;8;PD;0;81;4;6;56;56;AS;0;40;0;0;4;TJ;56
160;A;P160;T2;NH;T;92;39;4;no;7;142;142;EC;43;29;PD;0;142;4;5;44;44;AS;31;1;0;0;5;TJ;44
161;A;P161;M1;NH;M;106;37;4;no;5;122;122;EC;79;51;PD;0;130;4;5;41;41;AS;7;29;0;0;3;TJ;41
162;A;P162;M2;NH;M;65;55;4;no;3;62;62;EC;9;51;PD;0;62;4;4;54;54;AS;14;16;8;11;2;TJ;54
163;A;P163;HT;H;T;64;53;4;no;5;114;114;EC;108;0;PD;0;114;4;;;;;;;;;;;
164;A;P164;HM;H;M;135;51;4;no;6;164;164;EC;74;22;PD;1;164;4;5;51;51;AS;28;9;9;3;1;TJ;51
165;A;P165;T1;NH;T;91;49;4;no;6;94;94;EC;8;84;PD;0;94;4;6;43;43;AS;22;7;3;0;8;TJ;43
166;A;P166;F1;NH;F;73;40;4;no;6;101;101;EC;20;40;PD;0;101;4;5;61;61;AS;0;37;0;15;3;TJ;61
167;A;P167;HF;H;F;77;52;4;no;7;108;108;EC;48;21;PD;0;108;4;6;58;58;AS;0;55;0;0;7;TJ;62
168;A;P168;F2;NH;F;63;63;4;no;6;126;126;EC;47;43;PD;0;126;4;9;103;103;AS;1;19;1;66;7;TJ;103
169;A;P169;T2;NH;T;72;33;4;no;5;144;144;EC;20;133;PD;0;153;4;4;57;57;AS;32;5;12;1;0;TJ;57
170;A;P170;M1;NH;M;104;50;4;no;3;82;82;EC;48;19;PD;0;82;4;5;80;80;AS;38;18;0;0;8;TJ;80
171;A;P171;M2;NH;M;54;43;4;no;4;86;86;EC;46;30;PD;0;86;4;4;53;53;AS;9;12;2;4;3;TJ;53
172;A;P172;HT;H;T;66;58;4;no;3;43;43;EC;31;0;PD;0;43;4;6;63;63;AS;35;10;0;0;18;TJ;63
173;A;P173;HM;H;M;92;64;4;no;5;124;124;EC;39;21;PD;0;124;4;4;68;68;AS;19;2;3;2;31;TJ;68
174;A;P174;T1;NH;T;68;46;4;no;4;64;64;EC;37;3;PD;0;64;4;5;40;40;AS;3;17;2;14;0;TJ;40
175;A;P175;F1;NH;F;;;;;;;;;;;;;;0;;;;;;;;;;;
176;A;P176;HF;H;F;55;53;4;no;4;86;86;EC;45;32;PD;0;86;4;6;68;68;AS;0;40;1;25;0;TJ;68
177;A;P177;F2;NH;F;55;46;4;no;3;85;85;EC;64;14;PD;0;85;4;6;45;45;AS;0;20;0;13;5;TJ;45
178;A;P178;T2;NH;T;78;43;4;yes;7;170;170;EC;42;61;PD;0;170;4;5;45;45;AS;0;29;0;15;0;TJ;45
179;A;P179;M1;NH;M;107;43;4;no;7;124;124;EC;96;20;PD;0;124;4;5;71;71;AS;15;23;0;0;24;TJ;71
180;A;P180;M2;NH;M;76;53;4;no;4;113;113;EC;42;34;PD;0;113;4;6;72;72;AS;10;21;0;2;18;TJ;72
181;A;P181;HM;H;M;67;46;4;no;3;64;64;EC;55;20;PD;0;75;4;4;47;47;AS;6;17;2;9;1;TJ;47
182;A;P182;F1;NH;F;54;51;4;no;7;57;57;EC;19;12;PD;1;57;4;7;67;67;AS;0;61;0;0;4;TJ;67
183;A;P183;HF;H;F;67;63;4;no;6;110;110;EC;13;72;PD;1;110;4;6;76;76;AS;0;39;0;31;2;TJ;76
184;A;P184;T2;NH;T;75;40;4;no;4;87;87;EC;44;2;PD;0;87;4;6;47;47;AS;3;41;1;3;0;TJ;48
185;A;P185;M1;NH;M;97;50;4;no;5;103;103;EC;54;32;PD;1;103;4;2;26;26;AS;25;1;0;0;0;TJ;26
186;A;P186;M2;NH;M;80;39;4;no;2;103;103;EC;4;92;PD;0;103;4;5;33;33;AS;11;4;5;4;1;TJ;33
201;B;P201;HT;H;T;72;44;4;no;3;84;84;PD;49;27;PD;0;84;4;3;29;29;PD;11;0;18;0;0;SM;29
202;B;P202;T1;NH;T;99;41;4;no;3;90;90;PD;38;38;PD;0;90;4;4;51;51;PD;14;6;7;12;0;SM;51
203;B;P203;HM;H;M;95;42;4;no;4;187;187;PD;95;70;PD;0;187;4;6;51;51;PD;12;7;14;18;0;SM;51
204;B;P204;F1;NH;F;83;45;4;no;8;207;207;PD;4;122;PD;2;207;4;4;52;52;PD;0;13;0;34;5;SM;52
205;B;P205;M2;NH;M;103;45;4;no;4;199;199;PD;93;42;PD;0;199;4;4;38;38;PD;0;8;8;21;1;SM;38
206;B;P206;HF;H;F;73;46;4;no;6;113;113;PD;58;35;PD;0;113;4;3;29;29;PD;0;3;0;25;1;SM;29
207;B;P207;F2;NH;F;42;52;4;no;3;77;77;PD;42;28;PD;0;77;4;5;49;49;PD;0;5;6;20;18;SM;49
208;B;P208;M1;NH;M;142;56;4;no;6;164;164;PD;109;26;PD;0;164;4;6;73;73;PD;2;16;3;39;3;SM;73
209;B;P209;T2;NH;T;90;49;4;no;9;155;155;PD;89;4;PD;0;155;4;5;27;27;PD;0;4;3;8;1;SM;27
210;B;P210;HT;H;T;92;60;4;no;6;111;111;PD;50;1;PD;0;111;4;3;42;42;PD;0;8;0;33;0;SM;42
211;B;P211;T1;NH;T;77;54;4;no;1;46;0;PD;0;0;PD;0;0;4;5;49;49;PD;0;3;2;31;0;SM;49
212;B;P212;HM;H;M;121;67;4;no;4;129;129;PD;7;103;PD;0;129;4;6;74;74;PD;7;3;25;29;0;SM;74
213;B;P213;F1;NH;F;62;61;4;no;0;0;0;PD;0;0;PD;0;0;4;5;71;71;PD;0;34;0;19;1;SM;71
214;B;P214;M2;NH;M;74;32;4;no;3;134;134;PD;7;110;PD;0;134;4;2;11;11;PD;0;0;3;7;1;SM;11
215;B;P215;HF;H;F;66;50;4;no;6;109;109;PD;34;48;PD;0;109;4;4;43;43;PD;0;10;0;32;0;SM;43
216;B;P216;F2;NH;F;56;55;4;no;6;115;115;PD;0;12;PD;2;115;4;1;3;3;PD;0;0;0;3;0;SM;3
217;B;P217;M1;NH;M;113;42;4;no;4;88;88;PD;75;0;PD;0;88;4;4;22;22;PD;0;6;1;9;3;SM;22
218;B;P218;T2;NH;T;83;53;4;no;7;171;75;PD;46;4;PD;0;75;4;3;26;26;PD;5;0;9;12;0;SM;26
219;B;P219;HT;H;T;85;47;4;no;0;0;0;PD;0;0;PD;0;0;4;5;47;47;PD;2;15;8;16;2;SM;47
220;B;P220;T1;NH;T;100;50;4;no;3;74;74;PD;7;50;PD;1;74;4;6;78;78;PD;12;7;25;18;14;SM;78
221;B;P221;HM;H;M;112;54;4;no;3;145;145;PD;2;108;PD;2;145;4;3;53;53;PD;17;13;10;6;2;SM;53
222;B;P222;F1;NH;F;95;52;4;no;6;139;139;PD;28;68;PD;0;139;4;5;41;41;PD;0;2;0;29;1;SM;41
223;B;P223;M2;NH;M;103;51;4;no;6;190;190;PD;36;125;PD;0;190;4;3;11;11;PD;0;0;5;5;1;SM;11
224;B;P224;HF;H;F;47;53;4;no;5;115;115;PD;25;2;PD;0;115;4;6;59;59;PD;0;19;0;33;1;SM;59
225;B;P225;F2;NH;F;60;41;4;no;4;100;100;PD;54;0;PD;0;100;4;6;44;44;PD;0;11;0;27;4;SM;44
226;B;P226;M1;NH;M;116;52;4;no;5;121;121;PD;105;4;PD;0;121;4;4;62;62;PD;9;18;7;21;0;SM;62
227;B;P227;T2;NH;T;91;64;4;no;8;163;163;PD;20;15;PD;1;163;4;7;87;87;PD;9;4;26;30;10;SM;87
228;B;P228;HT;H;T;122;45;4;yes;5;142;142;PD;30;3;PD;1;142;4;5;79;79;PD;25;6;10;12;2;SM;79
229;B;P229;T1;NH;T;89;43;4;no;3;103;103;PD;48;32;PD;0;103;4;5;59;59;PD;12;19;2;12;7;SM;59
230;B;P230;HM;H;M;122;44;4;no;5;153;153;PD;85;54;PD;0;153;4;5;56;56;PD;0;7;0;32;10;SM;56
231;B;P231;F1;NH;F;73;59;4;no;9;134;134;PD;87;11;PD;0;134;4;5;69;69;PD;0;39;0;18;0;SM;69
232;B;P232;M2;NH;M;94;45;4;no;4;140;140;PD;43;2;PD;1;140;4;4;57;57;PD;27;6;2;2;3;SM;57
233;B;P233;HF;H;F;38;40;4;no;6;89;89;PD;22;54;PD;0;89;4;6;46;46;PD;6;21;0;1;1;SM;46
234;B;P234;F2;NH;F;58;52;4;no;5;91;91;PD;56;17;PD;0;91;4;3;38;38;PD;1;5;0;26;1;SM;38
235;B;P235;M1;NH;M;107;58;4;no;3;117;117;PD;95;5;PD;0;117;4;6;67;67;PD;21;0;33;1;4;SM;67
236;B;P236;T2;NH;T;98;36;4;yes;7;159;159;PD;91;41;PD;0;159;4;4;37;37;PD;15;9;6;4;1;SM;37
237;B;P237;HT;H;T;109;68;4;no;4;93;93;PD;67;0;PD;0;93;4;7;70;70;PD;5;9;6;45;2;SM;70
238;B;P238;T1;NH;T;99;58;4;no;4;98;76;PD;7;21;PD;2;76;4;4;63;63;PD;44;0;17;0;0;SM;63
239;B;P239;HM;H;M;104;34;4;no;4;101;101;PD;23;71;PD;0;101;4;5;50;50;PD;21;4;17;2;0;SM;50
240;B;P240;F1;NH;F;90;44;4;no;7;162;162;PD;16;119;PD;0;162;4;2;12;12;PD;0;7;0;0;0;SM;12
241;B;P241;M2;NH;M;100;48;4;no;3;98;98;PD;58;3;PD;0;98;4;4;49;49;PD;1;10;3;13;13;SM;49
242;B;P242;HF;H;F;56;57;4;no;6;97;97;PD;68;15;PD;0;97;4;5;70;70;PD;37;0;0;23;0;SM;70
243;B;P243;F2;NH;F;79;45;4;no;5;114;114;PD;29;81;PD;0;114;4;4;39;39;PD;15;16;1;7;0;SM;39
244;B;P244;M1;NH;M;92;41;4;no;4;104;104;PD;70;23;PD;0;104;4;6;62;62;PD;19;15;9;16;1;SM;62
245;B;P245;T2;NH;T;73;47;4;no;9;149;149;PD;17;2;PD;1;149;4;3;39;39;PD;6;14;6;11;0;SM;39
246;B;P246;HT;H;T;77;41;4;no;5;124;124;PD;38;17;PD;1;124;4;0;0;0;PD;0;0;0;0;0;SM;0
247;B;P247;T1;NH;T;84;63;4;no;5;89;89;PD;4;30;PD;2;89;4;3;53;53;PD;22;6;18;3;0;SM;53
248;B;P248;HM;H;M;123;65;4;no;3;166;166;PD;24;81;PD;2;166;4;5;71;71;PD;4;35;1;6;12;SM;71
249;B;P249;F1;NH;F;59;46;4;no;5;89;89;PD;22;8;PD;1;89;4;6;52;52;PD;0;10;0;34;0;SM;52
250;B;P250;M2;NH;M;91;31;4;no;5;148;148;AS;48;41;AS;0;148;4;4;35;35;PD;0;13;0;15;1;PD;35
251;B;P251;HF;H;F;87;46;4;no;6;103;103;AS;28;66;AS;0;103;4;3;35;35;PD;0;20;0;15;1;PD;36
252;B;P252;F2;NH;F;74;39;4;no;6;156;156;AS;37;89;AS;0;156;4;5;53;53;PD;3;7;0;16;23;PD;53
253;B;P253;M1;NH;M;93;57;4;no;3;84;84;AS;31;39;AS;0;84;4;4;58;58;PD;0;0;29;9;11;PD;58
254;B;P254;T2;NH;T;101;37;4;no;5;160;160;AS;18;114;AS;0;160;4;4;39;39;PD;8;5;15;7;3;PD;39
255;B;P255;HT;H;T;73;50;4;no;7;135;135;AS;11;45;AS;1;135;4;5;73;73;PD;0;15;0;44;1;PD;73
256;B;P256;T1;NH;T;85;78;4;no;4;106;106;AS;30;70;AS;0;106;4;3;67;67;PD;3;28;0;15;21;PD;67
257;B;P257;HM;H;M;95;51;4;no;4;133;133;AS;27;83;AS;0;133;4;6;64;64;PD;16;3;25;3;1;PD;64
258;B;P258;F1;NH;F;94;51;4;no;8;146;146;AS;37;108;AS;0;146;4;4;41;41;PD;0;11;0;29;0;PD;41
259;B;P259;M2;NH;M;76;74;4;no;3;108;108;AS;2;73;AS;0;108;4;5;69;69;PD;0;19;0;51;1;PD;71
260;B;P260;HF;H;F;47;46;4;no;7;120;120;AS;83;16;AS;0;120;4;4;52;52;PD;0;3;0;33;14;PD;52
261;B;P261;F2;NH;F;80;56;4;no;5;106;106;AS;84;3;AS;0;106;4;4;58;58;PD;9;16;9;19;3;PD;58
262;B;P262;M1;NH;M;93;56;4;no;4;88;88;AS;65;15;AS;0;88;4;6;89;89;PD;13;14;12;33;4;PD;89
263;B;P263;T2;NH;T;80;58;4;no;4;45;45;AS;19;17;AS;0;45;4;6;60;60;PD;5;12;10;24;2;PD;60
264;B;P264;HT;H;T;90;40;4;no;6;133;133;AS;53;62;AS;0;133;4;5;35;35;PD;1;0;18;2;4;PD;35
265;B;P265;T1;NH;T;78;68;4;no;4;77;77;AS;56;3;AS;0;77;4;6;82;82;PD;20;6;33;9;1;PD;82
266;B;P266;HM;H;M;103;45;4;no;4;97;97;AS;10;63;AS;0;97;4;6;83;83;PD;2;30;5;34;1;PD;83
267;B;P267;F1;NH;F;79;49;4;no;8;121;121;AS;60;42;AS;0;121;4;6;48;48;PD;0;23;0;25;8;PD;56
268;B;P268;M2;NH;M;111;62;4;no;6;152;152;AS;106;12;AS;0;152;4;6;64;64;PD;1;4;3;39;0;PD;64
269;B;P269;HF;H;F;67;50;4;no;6;98;98;AS;19;54;AS;1;98;4;3;42;42;PD;14;0;9;10;1;PD;42
270;B;P270;F2;NH;F;81;51;4;no;3;121;121;AS;86;23;AS;0;121;4;5;64;64;PD;5;34;1;6;7;PD;64
271;B;P271;M1;NH;M;126;55;4;no;4;141;141;AS;116;20;AS;0;141;4;4;59;59;PD;0;0;30;3;19;PD;59
272;B;P272;T2;NH;T;57;42;4;no;6;111;111;AS;32;1;AS;1;111;4;5;40;40;PD;20;2;15;2;0;PD;40
273;B;P273;HT;H;T;94;49;4;no;4;104;104;AS;30;15;AS;0;104;4;6;53;53;PD;12;4;11;10;0;PD;53
274;B;P274;T1;NH;T;109;54;4;no;0;0;0;AS;0;0;AS;0;0;4;5;84;84;PD;46;4;16;5;1;PD;84
275;B;P275;HM;H;M;99;58;4;no;4;186;186;AS;99;40;AS;0;186;4;3;40;40;PD;0;0;0;7;4;PD;40
276;B;P276;F1;NH;F;77;51;4;yes;6;96;96;AS;28;25;AS;0;96;4;3;37;37;PD;0;2;0;31;0;PD;37
277;B;P277;M2;NH;M;97;57;4;no;7;193;193;AS;118;41;AS;0;193;4;4;58;58;PD;0;20;0;49;0;PD;69
278;B;P278;HF;H;F;41;58;4;no;5;79;79;AS;1;50;AS;0;79;4;2;26;26;PD;0;4;0;10;1;PD;26
279;B;P279;F2;NH;F;70;74;4;no;3;102;102;AS;15;54;AS;0;102;4;4;65;65;PD;0;0;0;60;19;PD;79
280;B;P280;M1;NH;M;121;58;4;no;3;104;104;AS;57;17;AS;0;104;4;3;51;51;PD;5;2;17;21;0;PD;51
281;B;P281;T2;NH;T;111;29;4;yes;3;43;43;AS;0;31;AS;0;43;4;6;52;52;PD;10;1;25;9;2;PD;52
282;B;P282;HT;H;T;79;51;4;no;5;117;117;AS;89;9;AS;0;117;4;3;66;66;PD;4;3;8;16;27;PD;66
283;B;P283;T1;NH;T;96;69;4;no;3;72;72;AS;10;52;AS;0;72;4;8;81;81;PD;0;29;3;51;2;PD;85
284;B;P284;HM;H;M;113;46;4;no;5;164;164;AS;60;66;AS;0;164;4;4;34;34;PD;1;1;3;19;0;PD;34
285;B;P285;F1;NH;F;99;46;4;no;6;174;174;AS;22;99;AS;0;174;4;7;66;66;PD;0;40;0;25;1;PD;66
286;B;P286;M2;NH;M;146;47;4;no;6;165;165;AS;35;58;AS;0;165;4;0;0;0;PD;0;0;0;0;0;PD;0
287;B;P287;HF;H;F;47;53;4;no;3;74;74;AS;0;68;AS;0;74;4;5;48;48;PD;6;2;16;12;4;PD;48
288;B;P288;F2;NH;F;74;52;4;no;4;140;140;AS;20;52;AS;0;140;4;5;46;46;PD;3;21;0;19;0;PD;46
289;B;P289;M1;NH;M;126;59;4;no;4;132;132;AS;87;8;AS;0;132;4;4;48;48;PD;6;3;13;17;1;PD;48
290;B;P290;T2;NH;T;81;43;4;no;7;164;164;AS;48;82;AS;0;164;4;3;31;31;PD;0;16;0;15;0;PD;31
291;B;P291;HT;H;T;58;52;4;no;3;73;73;AS;34;26;AS;0;73;4;4;45;45;PD;8;3;15;7;8;PD;45
292;B;P292;T1;NH;T;90;47;4;no;4;99;99;AS;0;99;AS;0;99;4;4;45;45;PD;0;0;22;11;2;PD;45
293;B;P293;HM;H;M;117;65;4;no;3;170;170;AS;32;56;AS;1;170;4;7;77;77;PD;23;4;32;13;0;PD;77
294;B;P294;F1;NH;F;104;63;4;no;8;173;173;SM;19;107;SM;0;173;4;6;86;86;PD;10;7;8;56;0;PD;86
295;B;P295;M2;NH;M;97;46;4;no;4;194;194;SM;18;143;SM;0;194;4;5;61;61;PD;0;0;0;58;1;PD;61
296;B;P296;HF;H;F;66;41;4;no;5;136;136;SM;22;80;SM;0;136;4;5;35;35;PD;0;7;0;26;1;PD;35
297;B;P297;F2;NH;F;81;64;4;no;4;102;102;SM;52;37;SM;0;102;4;5;103;103;PD;3;2;29;44;19;PD;103
298;B;P298;M1;NH;M;99;43;4;no;4;94;94;SM;41;46;SM;0;94;4;2;12;12;PD;0;0;0;0;2;PD;12
299;B;P299;T2;NH;T;87;36;4;no;3;87;87;SM;18;51;SM;0;87;4;5;52;52;PD;3;7;12;30;1;PD;53
300;B;P300;HT;H;T;75;42;4;no;3;122;122;SM;57;65;SM;0;122;4;4;54;54;PD;6;0;33;4;1;PD;54
301;B;P301;T1;NH;T;90;38;4;no;2;91;91;SM;3;82;SM;0;91;4;5;54;54;PD;8;0;40;2;3;AS;54
302;B;P302;HM;H;M;130;54;4;no;8;185;185;SM;38;124;SM;0;185;4;3;41;41;PD;0;0;23;11;1;AS;41
303;B;P303;F1;NH;F;81;70;4;no;9;126;126;SM;40;19;SM;0;126;4;7;85;85;PD;1;19;7;50;2;AS;85
304;B;P304;M2;NH;M;94;56;4;no;7;200;200;SM;22;136;SM;0;200;4;5;69;69;PD;1;24;1;37;3;AS;69
305;B;P305;HF;H;F;85;64;4;no;6;134;134;SM;41;;SM;;134;4;3;43;43;SM;10;3;1;6;0;AS;43
306;B;P306;F2;NH;F;67;53;4;no;5;118;118;SM;29;60;SM;0;118;4;4;47;47;SM;2;1;0;30;0;AS;47
307;B;P307;M1;NH;M;111;41;4;no;4;143;143;SM;15;105;SM;0;143;4;4;47;47;SM;0;0;1;3;3;AS;47
308;B;P308;T2;NH;T;95;62;4;no;4;105;105;SM;10;36;SM;0;105;4;6;103;103;SM;21;8;16;15;1;AS;103
309;B;P309;HT;H;T;59;19;4;no;5;120;120;SM;89;2;SM;0;120;4;4;28;28;SM;0;1;12;7;0;PD;28
310;B;P310;T1;NH;T;83;55;4;no;4;100;100;SM;30;35;SM;0;100;4;7;81;81;SM;8;23;8;35;1;PD;81
311;B;P311;HM;H;M;117;63;4;no;4;159;159;SM;144;16;SM;0;160;4;5;60;60;SM;19;0;29;0;1;PD;60
312;B;P312;F1;NH;F;98;54;4;no;7;130;130;SM;45;72;SM;0;130;4;4;82;82;SM;0;15;0;53;0;PD;82
313;B;P313;M2;NH;M;62;49;4;no;7;132;132;SM;39;36;SM;0;132;4;7;79;79;SM;0;1;0;57;6;PD;79
314;B;P314;HF;H;F;75;62;4;no;8;137;137;SM;59;74;SM;0;137;4;6;93;93;SM;2;28;1;27;0;PD;93
315;B;P315;F2;NH;F;76;52;4;no;4;99;99;SM;60;36;SM;0;99;4;4;74;74;SM;1;9;0;47;2;PD;74
316;B;P316;M1;NH;M;134;32;4;no;5;161;161;SM;76;6;SM;0;161;4;5;41;41;SM;16;26;1;2;3;AS;48
317;B;P317;T2;NH;T;70;61;4;no;7;107;107;SM;48;0;SM;0;107;4;5;50;50;SM;15;4;10;7;4;AS;50
318;B;P318;HT;H;T;74;46;4;no;7;175;175;SM;47;58;SM;0;175;4;4;65;65;SM;22;0;36;0;0;AS;65
319;B;P319;T1;NH;T;79;59;4;no;2;67;67;SM;55;0;SM;0;67;4;0;0;0;SM;0;0;0;0;0;AS;0
320;B;P320;HM;H;M;115;55;4;no;5;188;188;SM;74;70;SM;0;188;4;3;12;12;SM;2;0;3;3;2;AS;12
321;B;P321;F1;NH;F;74;46;4;no;8;156;108;SM;42;84;SM;0;126;4;3;16;16;SM;0;1;1;11;1;AS;16
322;B;P322;M2;NH;M;;;;;;;;;;;;;;0;;;;;;;;;;;
323;B;P323;HF;H;F;;;;;;;;;;;;;;0;;;;;;;;;;;
324;B;P324;F2;NH;F;75;33;4;no;3;88;88;SM;74;14;SM;0;88;4;3;11;11;SM;3;0;3;0;0;AS;11
325;B;P325;M1;NH;M;113;57;4;no;3;98;98;SM;35;4;SM;1;98;4;5;73;73;SM;13;24;6;12;0;AS;73
326;B;P326;T2;NH;T;80;67;4;no;7;160;160;SM;30;23;SM;0;160;4;6;77;77;SM;27;6;24;2;3;AS;77
327;B;P327;HT;H;T;119;54;4;yes;8;177;177;SM;99;18;SM;0;177;4;5;98;98;SM;31;41;3;13;0;AS;98
328;B;P328;T1;NH;T;63;52;4;no;4;76;76;SM;65;11;SM;0;76;4;5;66;66;SM;19;15;18;10;1;AS;66
329;B;P329;HM;H;M;108;50;4;no;4;132;132;SM;32;91;SM;0;132;4;4;47;47;SM;17;0;21;0;0;AS;47
330;B;P330;F1;NH;F;93;49;4;no;0;0;0;SM;0;0;SM;0;0;4;4;75;75;SM;7;16;19;20;2;AS;75
331;B;P331;M2;NH;M;93;65;4;no;6;199;199;SM;87;100;SM;0;199;4;4;55;55;SM;1;0;9;14;0;AS;55
332;B;P332;HF;H;F;66;49;4;no;5;115;115;SM;18;90;SM;2;115;4;2;19;19;SM;1;12;2;2;0;AS;19
333;B;P333;F2;NH;F;69;52;4;no;15;90;90;SM;74;16;SM;0;90;4;3;22;22;SM;15;0;4;0;1;AS;22
334;B;P334;M1;NH;M;117;52;4;no;4;141;141;SM;65;44;SM;0;141;4;4;52;52;SM;29;15;0;0;0;AS;52
335;B;P335;T2;NH;T;54;43;4;no;7;140;140;SM;85;28;SM;0;140;4;7;85;85;SM;0;1;5;32;0;AS;85
336;B;P336;HT;H;T;96;61;4;no;6;126;126;SM;50;53;SM;2;126;4;5;75;75;SM;2;1;57;11;2;AS;75
337;B;P337;T1;NH;T;112;69;4;no;5;124;124;SM;116;11;SM;0;127;4;4;62;62;SM;8;2;37;10;0;AS;62
338;B;P338;HM;H;M;136;39;4;no;5;167;167;SM;70;52;SM;0;167;4;4;56;56;SM;6;0;11;4;0;AS;56
339;B;P339;F1;NH;F;64;51;4;no;7;85;85;SM;15;57;SM;0;85;4;4;52;52;SM;6;7;21;16;1;AS;52
340;B;P340;M2;NH;M;71;48;4;no;2;88;88;SM;0;88;SM;0;88;4;4;66;66;SM;2;2;14;41;1;AS;66
341;B;P341;HF;H;F;74;39;4;no;5;114;114;SM;85;3;SM;0;114;4;7;52;52;SM;2;12;0;35;0;AS;52
342;B;P342;F2;NH;F;86;51;4;no;5;142;142;SM;22;120;SM;0;142;4;5;60;60;SM;0;6;0;48;1;AS;60
343;B;P343;M1;NH;M;122;52;4;no;4;138;138;AS;64;67;AS;0;138;4;4;19;19;SM;0;9;0;10;0;SM;19
344;B;P344;T2;NH;T;51;69;4;no;7;126;126;AS;84;19;AS;0;126;4;8;92;92;SM;23;41;1;14;0;SM;92
345;B;P345;HT;H;T;107;48;4;no;5;199;199;AS;32;161;AS;0;199;4;4;58;58;SM;7;4;30;14;3;SM;58
346;B;P346;T1;NH;T;93;59;4;no;0;0;0;AS;0;;;;0;4;5;72;72;SM;16;0;38;11;1;SM;72
347;B;P347;HM;H;M;149;43;4;no;4;139;139;AS;49;85;AS;0;139;4;4;38;38;SM;3;5;13;17;0;SM;38
348;B;P348;F1;NH;F;80;56;4;no;6;143;143;AS;19;85;AS;0;143;4;6;74;74;SM;19;0;31;4;6;SM;74
349;B;P349;M2;NH;M;93;48;4;no;3;161;161;AS;85;50;AS;0;161;4;4;67;67;SM;2;19;0;44;2;SM;67
350;B;P350;HF;H;F;;;;;;;;;;;;;;0;;;;;;;;;;;
351;B;P351;F2;NH;F;74;39;4;no;6;155;155;AS;86;31;AS;0;155;4;4;63;63;SM;0;14;2;43;0;SM;63
352;B;P352;M1;NH;M;132;49;4;no;4;149;149;AS;66;52;AS;0;149;4;4;64;64;SM;0;5;0;50;9;SM;64
353;B;P353;T2;NH;T;84;41;4;no;6;212;212;AS;83;86;AS;0;212;4;4;44;44;SM;16;2;15;2;5;SM;44
354;B;P354;HT;H;T;154;49;4;no;5;175;175;AS;79;39;AS;0;175;4;6;68;68;SM;2;38;1;4;0;SM;68
355;B;P355;T1;NH;T;86;50;4;no;3;86;86;AS;42;14;AS;0;86;4;6;57;57;SM;28;3;4;7;0;SM;57
356;B;P356;HM;H;M;178;37;4;no;3;218;218;AS;63;93;AS;0;218;4;4;62;62;SM;0;0;0;62;0;SM;62
357;B;P357;F1;NH;F;85;35;4;no;9;161;161;AS;76;60;AS;0;161;4;4;44;44;SM;0;0;0;37;4;SM;44
358;B;P358;M2;NH;M;99;52;4;no;4;228;228;AS;87;110;AS;0;228;4;5;75;75;SM;11;13;8;14;4;SM;75
359;B;P359;HF;H;F;101;50;4;no;4;145;145;AS;81;28;AS;0;145;4;6;82;82;SM;0;36;0;39;1;SM;82
360;B;P360;F2;NH;F;75;54;4;no;6;130;130;AS;58;29;AS;0;130;4;8;98;98;SM;0;46;2;27;0;SM;98
361;B;P361;M1;NH;M;100;45;4;no;7;135;135;AS;70;21;AS;0;135;4;1;25;25;SM;3;3;5;12;2;SM;25
362;B;P362;T2;NH;T;33;35;4;no;4;67;67;AS;34;1;AS;0;67;4;2;15;15;SM;0;0;0;15;0;SM;15
363;B;P363;HT;H;T;62;38;4;no;5;107;107;AS;23;72;AS;0;107;4;4;45;45;SM;0;0;19;21;5;SM;45
364;B;P364;T1;NH;T;86;41;4;no;3;123;123;AS;110;3;AS;0;123;4;6;63;63;SM;21;1;29;4;2;SM;63
365;B;P365;HM;H;M;115;45;4;no;5;185;185;AS;74;47;AS;0;185;4;7;68;68;SM;31;18;10;7;1;SM;68
366;B;P366;F1;NH;F;125;45;4;no;9;204;204;AS;115;10;AS;0;204;4;7;65;65;SM;8;17;12;26;2;SM;65
367;B;P367;M2;NH;M;105;45;4;no;4;145;145;AS;109;19;AS;0;145;4;7;67;67;SM;16;23;6;19;0;SM;67
368;B;P368;HF;H;F;68;54;4;no;6;131;131;AS;77;34;AS;0;131;4;6;72;72;SM;0;19;0;42;0;SM;72
369;B;P369;F2;NH;F;110;38;4;no;5;222;222;AS;131;44;AS;0;222;4;6;75;75;SM;1;23;0;23;3;SM;75
370;B;P370;M1;NH;M;113;48;4;no;4;115;115;AS;88;11;AS;0;115;4;6;71;71;SM;4;3;25;20;1;SM;71
371;B;P371;T2;NH;T;96;66;4;yes;8;145;120;AS;62;20;AS;0;120;4;7;86;86;SM;38;2;30;5;3;SM;86
372;B;P372;HT;H;T;110;65;4;no;5;219;219;AS;181;9;AS;0;219;4;4;94;94;SM;6;3;51;34;0;SM;94
373;B;P373;T1;NH;T;101;34;4;no;5;116;116;AS;79;1;AS;0;116;4;5;49;49;SM;2;1;12;9;5;SM;49
374;B;P374;HM;H;M;120;42;4;no;3;168;168;AS;76;46;AS;0;168;4;1;1;1;SM;0;0;1;0;0;SM;1
375;B;P375;F1;NH;F;85;49;4;no;8;185;185;AS;62;56;AS;0;185;4;7;69;69;SM;0;28;0;33;0;SM;69
376;B;P376;M2;NH;M;84;51;4;no;3;137;137;AS;63;46;AS;0;137;4;3;54;54;SM;4;4;14;27;1;SM;54
377;B;P377;HF;H;F;79;38;4;no;4;117;117;AS;59;28;AS;0;117;4;2;8;8;SM;0;0;3;1;4;SM;8
378;B;P378;F2;NH;F;91;33;4;no;3;118;118;AS;43;42;AS;0;118;4;4;25;25;SM;0;6;0;17;0;PD;25
379;B;P379;M1;NH;M;133;51;4;no;5;156;156;AS;111;2;AS;0;156;4;4;63;63;SM;14;0;38;8;0;PD;63
380;B;P380;T2;NH;T;91;59;4;no;9;200;200;AS;44;92;AS;0;200;4;5;73;73;SM;21;8;37;18;2;PD;86
381;B;P381;HT;H;T;73;64;4;no;3;120;120;AS;60;33;AS;0;120;4;6;105;105;SM;18;38;6;22;0;PD;105
382;B;P382;T1;NH;T;101;75;4;no;5;117;117;AS;50;14;AS;0;117;4;5;92;92;SM;7;14;28;42;1;PD;92
383;B;P383;HM;H;M;113;35;4;no;4;181;181;AS;126;16;AS;0;181;4;6;52;52;SM;7;6;19;11;1;PD;52
384;B;P384;F1;NH;F;86;57;4;no;10;163;163;AS;65;70;AS;0;163;4;3;33;33;SM;1;4;2;21;2;PD;33
385;B;P385;M2;NH;M;134;78;4;no;4;202;202;AS;19;174;AS;0;202;4;4;71;71;SM;14;8;27;7;1;PD;71
386;B;P386;HF;H;F;;;;;;;;;;;;;;0;;;;;;;;;;;
387;B;P387;F2;NH;F;71;65;4;no;5;206;206;AS;74;92;AS;0;206;4;3;63;63;SM;0;0;3;47;10;PD;63
388;B;P388;M1;NH;M;109;48;4;no;4;107;107;AS;42;47;AS;0;107;4;;;;;;;;;;;
389;B;P389;T2;NH;T;;;;;;;;;;;;;;0;;;;;;;;;;;
401;C;P401;HT;H;T;80;62;4;yes;6;154;119;SM;88;5;PD;0;119;5;5;80;80;SM;27;48;0;1;0;PD;80
402;C;P402;T1;NH;T;88;48;4;no;0;0;0;SM;0;0;PD;0;0;5;6;74;74;SM;0;28;0;44;0;PD;74
403;C;P403;HM;H;M;99;44;4;no;4;226;226;SM;120;75;PD;0;226;5;8;102;102;SM;27;26;1;7;4;PD;102
404;C;P404;F1;NH;F;72;37;4;no;7;224;224;SM;91;75;PD;0;224;5;3;48;48;SM;0;18;0;8;28;PD;54
405;C;P405;M2;NH;M;96;40;4;no;5;130;130;SM;75;34;PD;0;130;5;3;54;54;SM;9;26;3;10;38;PD;86
406;C;P406;HF;H;F;79;54;4;yes;6;200;200;SM;67;114;PD;0;200;5;4;66;66;SM;5;14;2;14;19;PD;66
407;C;P407;F2;NH;F;50;35;4;no;2;89;89;SM;35;54;PD;0;89;5;4;46;46;SM;0;17;0;26;0;PD;46
408;C;P408;M1;NH;M;139;40;4;no;6;147;147;SM;58;59;PD;0;147;5;5;28;28;SM;2;15;0;5;2;PD;28
409;C;P409;T2;NH;T;109;58;4;yes;8;147;147;SM;127;9;PD;0;147;5;5;80;80;SM;0;55;0;16;0;PD;80
410;C;P410;HT;H;T;82;36;4;no;7;128;128;SM;86;22;PD;0;128;5;5;61;61;SM;18;25;3;1;6;PD;61
411;C;P411;T1;NH;T;109;59;4;no;0;0;0;SM;0;0;PD;0;0;5;7;72;72;SM;4;28;3;17;7;PD;72
412;C;P412;HM;H;M;135;33;4;no;8;225;225;SM;115;54;PD;0;225;5;6;63;63;SM;6;39;1;6;2;PD;63
413;C;P413;F1;NH;F;80;59;4;no;6;124;124;SM;89;30;PD;0;124;5;1;21;21;SM;0;0;0;8;11;PD;21
414;C;P414;M2;NH;M;56;42;4;no;6;159;159;SM;66;35;PD;0;159;5;5;59;59;SM;1;18;2;29;1;PD;59
415;C;P415;HF;H;F;88;66;4;yes;6;173;173;SM;87;55;PD;0;173;5;6;95;95;SM;1;12;3;73;0;PD;95
416;C;P416;F2;NH;F;111;54;4;no;3;108;108;SM;0;106;PD;0;108;5;6;77;77;SM;0;24;0;37;0;PD;77
417;C;P417;M1;NH;M;106;51;4;no;6;113;113;SM;60;0;PD;0;113;5;6;36;36;SM;4;9;2;2;1;PD;36
418;C;P418;T2;NH;T;104;49;4;no;10;184;160;SM;140;4;PD;0;160;5;5;55;55;SM;0;47;0;7;0;PD;55
419;C;P419;HT;H;T;83;72;4;no;4;146;66;SM;32;14;PD;0;66;5;5;84;84;SM;5;53;0;21;0;PD;84
420;C;P420;T1;NH;T;106;52;4;no;2;63;63;SM;56;0;PD;0;63;5;7;57;57;SM;21;17;4;4;0;PD;57
421;C;P421;HM;H;M;97;60;4;yes;5;145;145;SM;91;31;PD;0;145;5;5;76;76;SM;0;40;0;18;17;PD;76
422;C;P422;F1;NH;F;91;62;3;yes;2;63;63;AS;3;59;PD;0;63;5;5;79;79;SM;0;44;3;28;0;PD;79
423;C;P423;M2;NH;M;96;71;4;no;5;223;223;SM;158;55;PD;0;223;5;5;85;85;SM;0;64;0;0;0;PD;85
424;C;P424;HF;H;F;114;43;4;yes;7;138;138;SM;59;43;PD;0;138;5;7;63;63;SM;0;50;0;0;1;PD;63
425;C;P425;F2;NH;F;94;46;4;no;4;129;129;SM;54;46;PD;0;129;5;5;72;72;SM;0;39;0;16;2;PD;72
426;C;P426;M1;NH;M;117;62;4;yes;6;176;176;SM;130;8;PD;0;176;5;7;67;67;SM;0;41;0;15;3;PD;67
427;C;P427;T2;NH;T;55;72;4;no;6;174;174;SM;104;38;PD;0;174;5;6;86;86;SM;47;29;0;2;0;PD;86
428;C;P428;HT;H;T;103;63;4;no;6;140;140;SM;115;0;PD;0;140;5;4;74;74;SM;53;16;0;0;1;PD;74
429;C;P429;T1;NH;T;101;43;3;no;2;51;17;AS;0;0;PD;0;17;5;6;47;47;SM;0;4;2;10;28;PD;47
430;C;P430;HM;H;M;157;53;4;no;5;234;234;SM;111;38;PD;0;234;5;4;46;46;SM;25;14;1;2;1;PD;46
431;C;P431;F1;NH;F;80;45;4;no;5;96;96;SM;72;3;PD;0;96;5;5;37;37;SM;0;44;0;1;0;PD;45
432;C;P432;M2;NH;M;109;55;4;no;3;116;116;SM;73;1;PD;0;116;5;4;80;80;SM;8;37;1;16;0;PD;80
433;C;P433;HF;H;F;80;62;4;no;6;207;207;SM;114;44;PD;0;207;5;5;82;82;SM;5;35;0;21;15;PD;82
434;C;P434;F2;NH;F;47;58;4;no;6;81;81;SM;46;20;PD;0;81;5;6;113;113;SM;0;84;0;0;21;PD;113
435;C;P435;M1;NH;M;117;49;4;no;3;152;152;SM;109;3;PD;0;152;5;3;41;41;SM;0;37;0;1;0;PD;41
436;C;P436;T2;NH;T;90;62;4;yes;7;180;180;SM;159;22;PD;0;181;5;6;86;86;SM;12;48;5;12;4;PD;86
437;C;P437;HT;H;T;111;63;4;no;7;193;165;SM;113;21;PD;0;165;5;6;99;99;SM;38;18;8;6;4;PD;99
438;C;P438;T1;NH;T;92;67;4;no;2;64;64;SM;41;5;PD;0;64;5;4;59;59;SM;3;43;0;1;0;PD;59
439;C;P439;HM;H;M;118;52;4;no;2;24;24;SM;19;0;PD;0;24;5;6;95;95;SM;37;15;4;6;16;PD;95
440;C;P440;F1;NH;F;81;55;4;no;8;125;125;SM;111;6;PD;0;125;5;4;87;87;SM;9;5;10;13;45;PD;87
441;C;P441;M2;NH;M;84;67;4;no;4;183;183;SM;82;68;PD;0;183;5;4;77;77;SM;4;29;5;28;1;PD;77
442;C;P442;HF;H;F;107;52;4;no;6;146;146;SM;82;12;PD;0;146;5;3;17;17;SM;0;0;0;17;0;PD;17
443;C;P443;F2;NH;F;65;56;4;no;4;93;93;SM;29;52;PD;0;93;5;6;72;72;SM;25;13;5;2;24;PD;72
444;C;P444;M1;NH;M;118;66;4;no;4;95;95;SM;30;43;PD;0;95;5;4;83;83;SM;4;16;3;18;37;PD;83
445;C;P445;T2;NH;T;131;58;4;no;6;190;190;SM;76;80;PD;0;190;5;6;86;86;SM;32;22;1;8;0;PD;86
446;C;P446;HT;H;T;88;52;4;yes;4;124;124;SM;79;38;PD;0;124;5;3;66;66;SM;11;5;17;6;23;PD;66
447;C;P447;T1;NH;T;101;50;4;no;4;122;122;SM;88;30;PD;0;122;5;5;62;62;SM;0;50;0;3;2;PD;62
448;C;P448;HM;H;M;82;51;4;no;4;138;138;SM;70;37;PD;0;138;5;5;78;78;SM;18;12;16;14;3;PD;78
449;C;P449;F1;NH;F;113;46;4;no;6;131;131;SM;79;34;PD;0;131;5;6;82;82;SM;52;1;16;1;0;PD;82
450;C;P450;M2;NH;M;67;45;4;no;3;75;75;AS;64;4;SM;0;75;5;3;20;20;EN;4;10;0;1;1;EC;20
451;C;P451;HF;H;F;91;56;4;no;5;102;102;AS;28;60;SM;0;102;5;7;80;80;EN;0;41;0;10;12;EC;80
452;C;P452;F2;NH;F;84;48;4;no;6;155;155;AS;105;28;SM;0;155;5;6;81;81;EN;0;45;0;8;0;EC;81
453;C;P453;M1;NH;M;85;52;4;no;4;85;85;AS;83;4;SM;0;87;5;6;87;87;EN;0;42;0;3;1;EC;87
454;C;P454;T2;NH;T;110;45;4;yes;4;101;101;AS;72;22;SM;0;101;5;4;25;25;EN;0;12;0;2;3;EC;25
455;C;P455;HT;H;T;101;40;4;no;8;160;160;AS;118;16;SM;0;160;5;6;68;68;EN;30;10;4;0;2;EC;68
456;C;P456;T1;NH;T;85;39;4;no;4;85;85;AS;61;20;SM;0;85;5;3;33;33;EN;9;17;0;0;0;EC;33
457;C;P457;HM;H;M;183;49;4;no;4;257;257;AS;134;61;SM;0;257;5;8;70;70;EN;0;32;0;0;0;EC;70
458;C;P458;F1;NH;F;114;41;4;no;5;181;181;AS;95;69;SM;0;181;5;7;94;94;EN;0;43;2;3;5;EC;94
459;C;P459;M2;NH;M;109;66;4;no;8;237;237;AS;161;31;SM;0;237;5;6;75;75;EN;7;49;0;1;2;EC;75
460;C;P460;HF;H;F;80;59;4;no;3;161;161;AS;28;136;SM;0;164;5;5;71;71;EN;2;35;0;0;24;EC;71
461;C;P461;F2;NH;F;97;55;4;no;4;113;113;AS;99;14;SM;0;113;5;5;63;63;EN;0;18;0;28;1;EC;63
462;C;P462;M1;NH;M;118;43;4;no;7;182;182;AS;118;22;SM;0;182;5;3;39;39;EN;17;11;0;0;2;EC;39
463;C;P463;T2;NH;T;75;46;4;no;5;85;85;AS;56;23;SM;0;85;5;5;64;64;EN;5;19;0;0;12;EC;64
464;C;P464;HT;H;T;127;56;4;no;8;157;157;PD;140;1;SM;0;157;5;2;9;9;EN;0;2;0;1;11;EC;14
465;C;P465;T1;NH;T;97;51;4;no;7;114;114;PD;86;5;SM;0;114;5;4;63;63;EN;3;12;5;34;1;EC;63
466;C;P466;HM;H;M;139;75;4;no;7;181;181;PD;116;22;SM;0;181;5;6;64;64;EN;0;1;1;35;2;EC;64
467;C;P467;F1;NH;F;108;46;4;no;6;134;134;PD;111;22;SM;0;134;5;6;74;74;EN;1;26;0;29;16;EC;74
468;C;P468;M2;NH;M;77;44;4;no;7;199;199;PD;174;18;SM;0;199;5;5;63;63;EN;26;8;1;0;9;EC;63
469;C;P469;HF;H;F;137;72;4;no;9;341;341;PD;150;105;SM;0;341;5;6;92;92;EN;0;41;0;28;15;EC;92
470;C;P470;F2;NH;F;79;62;4;yes;4;123;123;PD;20;72;SM;0;123;5;6;84;84;EN;2;32;3;7;13;EC;84
471;C;P471;M1;NH;M;120;49;4;no;5;141;141;PD;94;15;SM;0;141;5;6;83;83;EN;14;8;8;10;19;EC;83
472;C;P472;T2;NH;T;132;66;4;no;9;173;173;PD;148;14;SM;0;173;5;4;56;56;EN;5;12;4;20;13;EC;56
473;C;P473;HT;H;T;123;67;4;no;6;154;154;AS;143;3;SM;0;154;5;4;66;66;EN;3;15;4;19;2;EC;66
474;C;P474;T1;NH;T;104;52;4;yes;5;102;102;AS;71;29;SM;0;102;5;6;57;57;EN;7;17;3;6;4;EC;57
475;C;P475;HM;H;M;127;61;4;yes;6;133;133;AS;92;29;SM;0;133;5;5;56;56;EN;22;0;21;0;3;EC;56
476;C;P476;F1;NH;F;111;51;4;no;2;0;0;AS;0;0;SM;0;0;5;4;35;35;EN;0;13;0;11;10;EC;35
477;C;P477;M2;NH;M;103;39;4;yes;3;121;121;AS;115;8;SM;0;123;5;6;72;72;EN;0;44;0;0;2;EC;72
478;C;P478;HF;H;F;122;71;4;no;7;149;149;AS;73;54;SM;0;149;5;7;101;101;EN;0;36;1;13;2;EC;101
479;C;P479;F2;NH;F;63;77;4;yes;4;98;98;AS;80;18;SM;0;98;5;13;145;145;EN;15;18;22;42;4;EC;145
480;C;P480;M1;NH;M;110;52;4;no;5;155;155;AS;94;20;SM;0;155;5;6;90;90;EN;1;15;1;32;12;EC;90
481;C;P481;T2;NH;T;133;62;4;yes;8;210;210;AS;184;15;SM;0;210;5;6;92;92;EN;4;14;2;21;0;EC;92
482;C;P482;HT;H;T;97;58;4;no;4;189;189;AS;45;62;SM;0;189;5;2;15;15;EN;3;7;0;0;1;EC;15
483;C;P483;T1;NH;T;66;46;4;no;3;73;73;AS;26;35;SM;0;73;5;6;47;47;EN;17;11;2;2;1;EC;47
484;C;P484;HM;H;M;137;51;4;no;4;128;128;AS;88;38;SM;0;128;5;5;74;74;EN;0;31;0;4;1;EC;74
485;C;P485;F1;NH;F;108;52;4;yes;7;156;156;AS;102;38;SM;0;156;5;4;48;48;EN;1;17;2;5;2;EC;48
486;C;P486;M2;NH;M;124;42;4;no;4;266;266;AS;158;64;SM;0;266;5;7;45;45;EN;1;10;1;24;1;EC;45
487;C;P487;HF;H;F;86;53;4;no;10;156;156;AS;102;27;SM;0;156;5;4;68;68;EN;0;20;0;18;1;EC;68
488;C;P488;F2;NH;F;49;47;4;no;2;88;88;AS;56;22;SM;0;88;5;6;62;62;EN;0;27;0;2;3;EC;62
489;C;P489;M1;NH;M;117;46;4;no;4;95;95;AS;82;6;SM;0;95;5;7;77;77;EN;16;11;1;0;4;EC;77
490;C;P490;T2;NH;T;86;39;4;yes;10;125;125;AS;3;118;SM;0;125;5;4;34;34;EN;0;6;0;4;3;EC;34
491;C;P491;HT;H;T;89;42;4;no;5;195;195;AS;120;43;SM;0;195;5;7;83;83;EN;11;22;1;1;5;EC;83
492;C;P492;T1;NH;T;64;58;4;no;4;78;78;AS;39;26;SM;0;78;5;7;82;82;EN;43;4;1;0;1;EC;82
493;C;P493;HM;H;M;159;59;4;no;3;111;111;AS;78;10;SM;0;111;5;8;86;86;EN;2;39;1;5;2;EC;86
494;C;P494;F1;NH;F;153;49;4;no;4;240;240;SM;48;167;PD;0;240;5;6;55;55;AS;0;24;0;14;3;SM;55
495;C;P495;M2;NH;M;99;53;4;no;3;159;159;SM;58;41;EC;0;159;5;6;71;58;AS;16;18;10;4;14;SM;62
496;C;P496;HF;H;F;66;42;4;no;9;107;107;SM;54;30;EC;0;107;5;5;52;52;AS;0;13;0;19;14;SM;52
497;C;P497;F2;NH;F;72;69;4;no;6;109;109;SM;61;34;EC;0;109;5;6;86;66;AS;1;41;0;9;20;SM;71
498;C;P498;M1;NH;M;120;47;4;no;8;144;144;SM;85;4;EC;0;144;5;6;63;63;AS;0;28;2;28;3;SM;63
499;C;P499;T2;NH;T;104;42;4;yes;6;126;126;SM;52;28;EC;0;126;5;3;31;31;AS;0;27;0;0;3;SM;31
500;C;P500;HT;H;T;102;66;4;no;8;154;154;SM;31;50;EC;0;154;5;5;66;66;AS;4;4;17;38;1;SM;66
501;C;P501;T1;NH;T;86;82;4;yes;6;125;125;SM;16;82;EC;0;125;5;8;87;87;AS;17;30;4;3;8;SM;87
502;C;P502;HM;H;M;134;49;4;no;6;158;158;SM;73;43;EC;0;158;5;4;51;51;AS;23;12;4;1;1;SM;51
503;C;P503;F1;NH;F;81;44;4;yes;7;115;115;SM;63;2;EC;0;115;5;3;45;45;AS;3;0;29;8;20;SM;60
504;C;P504;M2;NH;M;113;50;4;no;6;279;279;SM;95;22;EC;0;279;5;4;54;54;AS;5;7;0;0;38;SM;54
505;C;P505;HF;H;F;104;67;4;no;4;80;80;SM;22;14;EC;0;80;5;6;72;72;AS;0;24;1;30;7;SM;72
506;C;P506;F2;NH;F;76;45;4;yes;7;121;121;SM;48;17;EC;0;121;5;6;72;72;AS;2;21;0;22;16;SM;72
507;C;P507;M1;NH;M;101;55;4;no;6;147;147;SM;28;36;EC;0;147;5;5;73;73;AS;25;20;7;6;1;SM;73
508;C;P508;T2;NH;T;66;51;4;no;9;114;114;SM;81;7;EC;0;114;5;8;107;107;AS;14;16;17;29;18;SM;107
509;C;P509;HT;H;T;85;52;4;yes;8;123;123;SM;74;1;EC;0;123;5;5;61;61;AS;1;29;0;20;0;SM;61
510;C;P510;T1;NH;T;99;75;4;no;4;117;117;SM;25;81;PD;0;117;5;7;83;83;AS;0;58;0;7;1;SM;83
511;C;P511;HM;H;M;131;61;4;no;5;162;162;SM;140;4;PD;0;162;5;5;47;47;AS;0;4;0;29;10;SM;47
512;C;P512;F1;NH;F;110;36;4;yes;7;137;137;SM;78;21;PD;0;137;5;3;46;33;AS;0;7;5;18;2;SM;33
513;C;P513;M2;NH;M;114;53;4;no;3;136;136;SM;121;6;PD;0;136;5;7;84;84;AS;18;7;1;7;16;SM;84
514;C;P514;HF;H;F;57;61;4;no;6;152;152;SM;30;96;PD;0;152;5;6;101;101;AS;2;28;3;48;2;SM;101
515;C;P515;F2;NH;F;98;52;4;no;4;103;103;SM;68;12;PD;0;103;5;4;60;60;AS;1;42;1;3;1;SM;60
516;C;P516;M1;NH;M;124;58;4;no;0;0;0;SM;0;0;PD;0;0;5;5;73;73;AS;2;29;1;5;32;SM;73
517;C;P517;T2;NH;T;85;33;4;no;9;216;216;SM;133;67;PD;0;216;5;7;72;72;AS;39;14;1;0;0;SM;72
518;C;P518;HT;H;T;107;59;4;no;7;129;129;SM;87;5;PD;0;129;5;3;54;54;AS;13;14;11;11;1;SM;54
519;C;P519;T1;NH;T;87;52;4;no;5;125;125;SM;106;10;PD;0;125;5;6;69;69;AS;13;21;3;9;3;SM;69
520;C;P520;HM;H;M;125;55;4;no;6;196;196;SM;169;1;PD;0;196;5;5;74;74;AS;25;4;0;0;0;SM;74
521;C;P521;F1;NH;F;88;56;4;no;6;129;129;SM;58;56;PD;0;129;5;5;79;79;AS;26;17;9;16;3;SM;79
522;C;P522;M2;NH;M;83;50;4;no;4;159;159;SM;128;4;PD;0;159;5;6;81;81;AS;48;4;8;1;2;SM;81
523;C;P523;HF;H;F;81;40;4;no;9;164;164;SM;111;48;PD;0;164;5;9;77;77;AS;13;22;2;21;0;SM;77
524;C;P524;F2;NH;F;83;58;4;yes;4;153;153;SM;49;79;PD;0;153;5;7;88;88;AS;0;65;0;14;0;SM;88
525;C;P525;M1;NH;M;105;60;4;no;6;147;147;SM;102;26;PD;0;147;5;4;62;62;AS;0;55;0;2;0;SM;62
526;C;P526;T2;NH;T;91;59;4;no;2;67;67;SM;52;6;PD;0;67;5;6;62;62;AS;3;28;0;0;28;SM;62
527;C;P527;HT;H;T;57;67;4;no;6;121;121;SM;91;23;PD;0;121;5;6;78;65;AS;4;15;4;33;14;SM;70
528;C;P528;T1;NH;T;101;73;4;no;6;120;120;SM;99;24;PD;0;123;5;5;56;56;AS;26;3;5;2;22;SM;58
529;C;P529;HM;H;M;112;59;4;no;4;171;171;SM;128;39;PD;0;171;5;3;16;16;AS;7;6;0;0;1;SM;16
530;C;P530;F1;NH;F;84;66;4;no;7;161;161;SM;69;66;PD;0;161;5;8;105;105;AS;0;56;0;35;5;SM;105
531;C;P531;M2;NH;M;110;40;4;no;2;112;112;SM;45;49;PD;0;112;5;2;14;14;AS;0;5;1;5;1;SM;14
532;C;P532;HF;H;F;92;55;4;no;7;139;139;SM;104;28;PD;0;139;5;7;94;94;AS;0;72;0;9;1;SM;94
533;C;P533;F2;NH;F;71;35;4;no;5;92;92;SM;51;27;PD;0;92;5;4;44;44;AS;0;21;0;7;10;SM;44
534;C;P534;M1;NH;M;92;43;4;no;6;220;220;SM;135;66;PD;0;220;5;5;60;60;AS;5;27;0;9;3;SM;60
535;C;P535;T2;NH;T;73;48;4;yes;11;143;143;SM;147;5;PD;0;152;5;3;14;14;AS;1;9;1;1;1;SM;14
536;C;P536;HT;H;T;103;66;4;no;5;135;135;SM;125;3;PD;0;135;5;7;87;87;AS;14;23;6;19;3;SM;87
537;C;P537;T1;NH;T;69;53;4;no;4;93;93;SM;74;14;PD;0;93;5;5;59;59;AS;11;24;5;3;14;SM;59
538;C;P538;HM;H;M;117;60;4;no;4;137;137;SM;70;64;PD;0;137;5;5;54;54;AS;6;36;0;2;0;SM;54
539;C;P539;F1;NH;F;96;51;4;no;7;133;133;SM;46;81;PD;0;133;5;2;7;7;AS;0;5;0;1;1;SM;7
540;C;P540;M2;NH;M;111;58;4;yes;4;131;131;SM;52;69;PD;0;131;5;8;110;110;AS;16;13;16;9;47;SM;110
541;C;P541;HF;H;F;73;61;4;no;1;136;136;SM;30;96;PD;0;136;5;1;92;92;AS;0;38;0;33;6;SM;92
542;C;P542;F2;NH;F;70;60;4;no;2;149;149;SM;84;52;PD;0;149;5;3;44;44;AS;0;25;0;6;1;SM;44
543;C;P543;M1;NH;M;156;63;4;no;4;201;201;PD;158;14;SM;0;201;5;2;61;61;AS;0;0;0;0;55;PD;61
544;C;P544;T2;NH;T;72;42;4;no;7;128;128;PD;104;8;SM;0;128;5;8;56;56;AS;24;0;21;0;6;PD;56
545;C;P545;HT;H;T;76;53;4;no;4;94;94;PD;63;2;SM;0;94;5;4;69;69;AS;6;21;7;11;19;PD;69
546;C;P546;T1;NH;T;76;47;4;no;3;90;90;PD;64;2;SM;0;90;5;5;76;76;AS;9;19;2;31;3;PD;76
547;C;P547;HM;H;M;98;56;4;no;6;262;262;PD;174;31;SM;0;262;5;4;70;70;AS;0;40;0;19;18;PD;77
548;C;P548;F1;NH;F;57;46;4;no;7;123;123;PD;47;53;SM;0;123;5;9;101;101;AS;1;40;0;2;2;PD;101
549;C;P549;M2;NH;M;89;76;4;no;4;147;147;PD;108;14;SM;0;147;5;6;114;114;AS;34;64;5;9;0;PD;114
550;C;P550;HF;H;F;105;58;4;no;5;229;229;PD;130;60;SM;0;229;5;6;112;112;AS;50;2;44;2;1;PD;112
551;C;P551;F2;NH;F;77;64;4;no;3;194;194;PD;59;121;SM;0;194;5;7;68;68;AS;0;1;0;56;1;PD;68
552;C;P552;M1;NH;M;155;77;4;no;5;159;159;PD;131;6;SM;0;159;5;3;62;62;AS;0;11;0;39;0;PD;62
553;C;P553;T2;NH;T;95;41;4;yes;8;149;149;PD;92;42;SM;0;149;5;5;59;59;AS;8;18;5;17;3;PD;59
554;C;P554;HT;H;T;110;54;4;yes;5;193;193;PD;166;0;SM;0;193;5;5;88;88;AS;10;25;9;33;1;PD;88
555;C;P555;T1;NH;T;91;59;4;no;5;112;112;PD;83;14;SM;0;112;5;8;80;80;AS;5;34;2;7;18;PD;80
556;C;P556;HM;H;M;88;70;4;no;3;114;114;PD;95;12;SM;0;114;5;7;106;106;AS;3;53;5;30;2;PD;106
557;C;P557;F1;NH;F;74;44;4;yes;;;;;;;;;;0;6;53;53;AS;17;13;6;8;0;PD;53
558;C;P558;M2;NH;M;97;63;4;no;6;154;154;PD;143;7;SM;0;154;5;8;111;111;AS;0;33;0;79;0;PD;112
559;C;P559;HF;H;F;80;64;4;no;4;97;97;PD;42;15;SM;0;97;5;5;85;85;AS;0;32;0;45;1;PD;85
560;C;P560;F2;NH;F;87;53;4;yes;6;126;126;PD;75;13;SM;0;126;5;5;69;69;AS;2;36;2;22;0;PD;69
561;C;P561;M1;NH;M;119;76;4;no;5;210;210;PD;102;61;SM;0;210;5;9;91;91;AS;45;12;5;3;1;PD;91
562;C;P562;T2;NH;T;55;42;4;no;5;141;141;PD;68;37;SM;0;141;5;7;81;81;AS;17;18;6;13;15;PD;81
563;C;P563;HT;H;T;91;54;4;no;4;216;216;PD;136;68;SM;0;216;5;5;56;56;AS;33;2;4;4;2;PD;56
564;C;P564;T1;NH;T;83;70;4;no;3;85;85;PD;75;0;SM;0;85;5;5;62;62;AS;24;28;3;3;2;PD;62
565;C;P565;HM;H;M;122;59;4;no;4;176;176;PD;116;29;SM;0;176;5;5;63;63;AS;9;21;3;9;19;PD;63
566;C;P566;F1;NH;F;66;51;4;yes;3;123;123;PD;43;56;SM;0;123;5;6;75;75;AS;7;26;1;28;4;PD;75
567;C;P567;M2;NH;M;75;45;4;yes;3;89;89;PD;44;14;SM;0;89;5;7;57;57;AS;18;18;1;1;3;PD;57
568;C;P568;HF;H;F;88;47;4;no;7;151;151;PD;77;41;SM;0;151;5;6;58;58;AS;2;7;3;37;4;PD;58
569;C;P569;F2;NH;F;55;65;4;no;4;118;118;PD;89;10;SM;0;118;5;9;84;84;AS;3;69;0;8;1;PD;84
570;C;P570;M1;NH;M;142;51;4;no;4;138;138;PD;107;6;SM;0;138;5;5;47;47;AS;15;15;2;9;0;PD;47
571;C;P571;T2;NH;T;102;51;4;no;0;0;0;PD;0;0;SM;0;0;5;5;71;71;AS;7;20;2;15;17;PD;71
572;C;P572;HT;H;T;85;47;4;no;3;88;88;PD;74;7;SM;0;88;5;6;47;47;AS;15;12;2;1;0;PD;47
573;C;P573;T1;NH;T;63;54;4;no;5;164;164;PD;131;1;SM;0;164;5;7;71;71;AS;0;44;0;12;0;PD;71
574;C;P574;HM;H;M;135;77;4;no;3;170;170;PD;60;107;SM;0;170;5;5;58;58;AS;0;49;0;1;1;PD;58
575;C;P575;F1;NH;F;80;58;4;yes;7;159;159;PD;88;47;SM;0;159;5;4;55;55;AS;0;48;0;1;0;PD;55
576;C;P576;M2;NH;M;100;37;4;no;4;172;172;PD;126;10;SM;0;172;5;6;61;61;AS;3;24;2;22;4;PD;61
577;C;P577;HF;H;F;112;49;4;no;5;137;137;PD;60;3;SM;0;137;5;7;79;79;AS;0;50;0;1;11;PD;79
578;C;P578;F2;NH;F;77;54;4;no;6;129;129;PD;80;30;SM;0;129;5;4;56;56;AS;0;44;0;9;0;PD;56
579;C;P579;M1;NH;M;98;75;4;no;4;114;114;PD;112;0;SM;0;114;5;4;56;56;AS;0;17;1;19;11;PD;56
580;C;P580;T2;NH;T;60;57;4;yes;6;100;100;PD;74;16;SM;0;100;5;7;82;82;AS;30;31;1;5;6;PD;82
581;C;P581;T1;NH;T;83;45;4;no;5;127;127;PD;63;46;SM;0;127;5;5;38;38;AS;0;28;0;2;5;PD;38
582;C;P582;HM;H;M;127;69;4;no;4;194;194;PD;122;27;SM;0;194;5;6;69;69;AS;14;40;1;4;3;PD;69
583;C;P583;M2;NH;M;95;37;4;no;5;190;190;PD;70;100;SM;0;190;5;6;41;41;AS;0;20;0;8;3;PD;41
584;C;P584;M1;NH;M;120;44;4;no;5;157;157;PD;40;101;SM;0;157;5;6;59;59;AS;16;39;0;1;0;PD;59
585;C;P585;T2;NH;T;72;51;4;no;6;128;128;PD;94;12;SM;0;128;5;7;92;92;AS;43;6;3;1;17;PD;92
